-- phpMyAdmin SQL Dump
-- version 5.0.2
-- https://www.phpmyadmin.net/
--
-- Host: 127.0.0.1
-- Generation Time: Jul 13, 2021 at 09:55 AM
-- Server version: 10.4.11-MariaDB
-- PHP Version: 7.4.5

SET SQL_MODE = "NO_AUTO_VALUE_ON_ZERO";
START TRANSACTION;
SET time_zone = "+00:00";


/*!40101 SET @OLD_CHARACTER_SET_CLIENT=@@CHARACTER_SET_CLIENT */;
/*!40101 SET @OLD_CHARACTER_SET_RESULTS=@@CHARACTER_SET_RESULTS */;
/*!40101 SET @OLD_COLLATION_CONNECTION=@@COLLATION_CONNECTION */;
/*!40101 SET NAMES utf8mb4 */;

--
-- Database: `api`
--

-- --------------------------------------------------------

--
-- Table structure for table `failed_jobs`
--

CREATE TABLE `failed_jobs` (
  `id` bigint(20) UNSIGNED NOT NULL,
  `uuid` varchar(255) COLLATE utf8mb4_unicode_ci NOT NULL,
  `connection` text COLLATE utf8mb4_unicode_ci NOT NULL,
  `queue` text COLLATE utf8mb4_unicode_ci NOT NULL,
  `payload` longtext COLLATE utf8mb4_unicode_ci NOT NULL,
  `exception` longtext COLLATE utf8mb4_unicode_ci NOT NULL,
  `failed_at` timestamp NOT NULL DEFAULT current_timestamp()
) ENGINE=InnoDB DEFAULT CHARSET=utf8mb4 COLLATE=utf8mb4_unicode_ci;

-- --------------------------------------------------------

--
-- Table structure for table `migrations`
--

CREATE TABLE `migrations` (
  `id` int(10) UNSIGNED NOT NULL,
  `migration` varchar(255) COLLATE utf8mb4_unicode_ci NOT NULL,
  `batch` int(11) NOT NULL
) ENGINE=InnoDB DEFAULT CHARSET=utf8mb4 COLLATE=utf8mb4_unicode_ci;

--
-- Dumping data for table `migrations`
--

INSERT INTO `migrations` (`id`, `migration`, `batch`) VALUES
(1, '2014_10_12_000000_create_users_table', 1),
(2, '2014_10_12_100000_create_password_resets_table', 1),
(3, '2019_08_19_000000_create_failed_jobs_table', 1),
(4, '2021_07_13_020937_create_products_table', 1),
(5, '2021_07_13_021335_create_reviews_table', 1);

-- --------------------------------------------------------

--
-- Table structure for table `password_resets`
--

CREATE TABLE `password_resets` (
  `email` varchar(255) COLLATE utf8mb4_unicode_ci NOT NULL,
  `token` varchar(255) COLLATE utf8mb4_unicode_ci NOT NULL,
  `created_at` timestamp NULL DEFAULT NULL
) ENGINE=InnoDB DEFAULT CHARSET=utf8mb4 COLLATE=utf8mb4_unicode_ci;

-- --------------------------------------------------------

--
-- Table structure for table `products`
--

CREATE TABLE `products` (
  `id` int(10) UNSIGNED NOT NULL,
  `name` varchar(255) COLLATE utf8mb4_unicode_ci NOT NULL,
  `detail` text COLLATE utf8mb4_unicode_ci NOT NULL,
  `price` int(11) NOT NULL,
  `stock` int(11) NOT NULL,
  `discount` int(11) NOT NULL,
  `created_at` timestamp NULL DEFAULT NULL,
  `updated_at` timestamp NULL DEFAULT NULL
) ENGINE=InnoDB DEFAULT CHARSET=utf8mb4 COLLATE=utf8mb4_unicode_ci;

--
-- Dumping data for table `products`
--

INSERT INTO `products` (`id`, `name`, `detail`, `price`, `stock`, `discount`, `created_at`, `updated_at`) VALUES
(1, 'qui', 'Porro aspernatur vero autem tenetur nam dignissimos laborum. Sit repudiandae consequuntur ea atque dicta.', 158, 2, 20, '2021-07-13 02:13:34', '2021-07-13 02:13:34'),
(2, 'at', 'Iste ab cumque debitis neque debitis velit. Vero et deleniti omnis laborum. Sunt exercitationem delectus dolores voluptatibus et distinctio aut qui. Et enim soluta voluptatibus.', 928, 2, 30, '2021-07-13 02:13:34', '2021-07-13 02:13:34'),
(3, 'ducimus', 'Autem adipisci consequatur harum autem ea eaque cupiditate vel. Quam eum nostrum maiores cum nihil animi aperiam. Cupiditate doloremque soluta consequatur excepturi ex quia maiores. Aut ea et alias.', 945, 5, 25, '2021-07-13 02:13:34', '2021-07-13 02:13:34'),
(4, 'saepe', 'Sed commodi nihil in corrupti qui perferendis. Sit temporibus dolorem earum consequuntur. Qui ut ut suscipit et ipsum dicta. Quam vitae molestias asperiores enim quis voluptatem qui.', 911, 3, 10, '2021-07-13 02:13:34', '2021-07-13 02:13:34'),
(5, 'temporibus', 'Aliquid rerum corrupti cupiditate beatae sunt ipsum. Laborum totam quidem a modi qui. Est esse excepturi id minima et rerum aut sed.', 808, 9, 8, '2021-07-13 02:13:34', '2021-07-13 02:13:34'),
(6, 'iste', 'Voluptas culpa voluptas velit quia aperiam ea esse. Vero unde dolor sed quis et quam. Asperiores aspernatur unde ex qui in perspiciatis voluptatem.', 419, 6, 24, '2021-07-13 02:13:34', '2021-07-13 02:13:34'),
(7, 'rerum', 'Est quod dolorem esse sit in laboriosam dolor. Cupiditate dolorem eum impedit voluptatem impedit perferendis neque est. Est dolores error modi ut.', 506, 0, 19, '2021-07-13 02:13:34', '2021-07-13 02:13:34'),
(8, 'fugit', 'Ratione porro possimus saepe sed sunt rerum dolore. Aliquam animi quasi non dolor. Quidem ea nihil voluptate. Inventore autem architecto quam.', 475, 5, 17, '2021-07-13 02:13:34', '2021-07-13 02:13:34'),
(9, 'nihil', 'Illo dolorem ipsum voluptatibus aperiam consequatur aspernatur dolor. Qui atque esse nisi quam. Voluptatum architecto explicabo sit dolorem assumenda atque asperiores.', 897, 6, 12, '2021-07-13 02:13:34', '2021-07-13 02:13:34'),
(10, 'doloremque', 'Ut quia aut omnis vel illo. Assumenda nesciunt laudantium voluptates esse vitae. Ut similique praesentium et.', 211, 2, 23, '2021-07-13 02:13:34', '2021-07-13 02:13:34'),
(11, 'doloribus', 'Exercitationem deserunt numquam itaque quia libero consequatur. Dicta ipsum vel molestias magnam. Impedit ex accusantium cum tempore.', 430, 9, 5, '2021-07-13 02:13:34', '2021-07-13 02:13:34'),
(12, 'vitae', 'Illo autem nemo in. Laudantium rem qui dolorem fugit est voluptate. Nihil voluptate omnis qui. Aut earum quia similique velit aut velit.', 666, 9, 10, '2021-07-13 02:13:34', '2021-07-13 02:13:34'),
(13, 'explicabo', 'Consequatur temporibus qui alias velit molestiae est. Quis voluptatibus reiciendis rerum dolorem impedit. Nobis ea dolor temporibus perspiciatis quos. Consequatur rerum dolor aperiam temporibus ut odio.', 531, 7, 19, '2021-07-13 02:13:34', '2021-07-13 02:13:34'),
(14, 'harum', 'Molestiae delectus sunt voluptates debitis vero eos. Temporibus quis numquam animi sit beatae. Aliquam consequatur sunt necessitatibus fugiat debitis quidem. Laborum quas voluptatibus ea voluptatem sed sed.', 488, 2, 3, '2021-07-13 02:13:34', '2021-07-13 02:13:34'),
(15, 'et', 'Ratione vero quisquam reiciendis excepturi. Atque officiis est ad velit. In nihil temporibus accusantium sed officiis vitae. Est sequi quod neque iusto ipsum.', 862, 2, 13, '2021-07-13 02:13:34', '2021-07-13 02:13:34'),
(16, 'odit', 'Quasi possimus ex autem laborum necessitatibus voluptates. Sequi voluptatibus ut sed amet. Amet sit accusamus quia harum quia dolor error. Ea vel illum fugiat ut hic labore.', 533, 1, 12, '2021-07-13 02:13:34', '2021-07-13 02:13:34'),
(17, 'qui', 'Velit sit provident accusantium et ipsam quidem doloribus. Quam minus illo odio quo. Quo veritatis aut sequi itaque sint est. Consequatur accusamus quam consequatur minima aliquam commodi culpa.', 664, 6, 10, '2021-07-13 02:13:34', '2021-07-13 02:13:34'),
(18, 'in', 'Itaque libero magnam saepe. Nemo nulla nesciunt quibusdam voluptatem eum iure. Omnis repudiandae sed aperiam rerum officia.', 494, 4, 15, '2021-07-13 02:13:34', '2021-07-13 02:13:34'),
(19, 'doloribus', 'Sapiente et quas pariatur atque. Qui voluptatibus ut amet ad. Animi esse eos voluptatum earum repellat qui. Non quia quibusdam veniam nam consequatur quo.', 537, 3, 16, '2021-07-13 02:13:34', '2021-07-13 02:13:34'),
(20, 'dolorum', 'Dolores nesciunt dolore dolore illum vel aspernatur molestiae. Temporibus autem minima deleniti exercitationem quibusdam distinctio repellendus. Perspiciatis ipsa deleniti eaque sint dolorum in.', 359, 3, 19, '2021-07-13 02:13:34', '2021-07-13 02:13:34'),
(21, 'fuga', 'Blanditiis eius hic consequuntur ad. Quaerat explicabo laboriosam enim voluptatum ullam quas. Enim quia quia non tempora consequatur sint sint.', 681, 8, 18, '2021-07-13 02:13:34', '2021-07-13 02:13:34'),
(22, 'assumenda', 'Aut dolor iure eum alias aut. Facere pariatur iusto molestias eos. Similique quis et deleniti dolor.', 780, 3, 19, '2021-07-13 02:13:34', '2021-07-13 02:13:34'),
(23, 'sed', 'Dolore distinctio assumenda repudiandae id. Temporibus ipsa aut quae doloremque dolores quis. Voluptatibus deleniti eum facilis quisquam.', 483, 8, 2, '2021-07-13 02:13:34', '2021-07-13 02:13:34'),
(24, 'ut', 'Quo officia est aspernatur vero velit. Officia ratione id consequatur magnam eos. Fugit veniam adipisci laudantium vero omnis nobis.', 507, 2, 19, '2021-07-13 02:13:34', '2021-07-13 02:13:34'),
(25, 'est', 'Sequi unde vitae hic sint quo ipsum id. Velit quidem expedita ut autem reiciendis odit nam. Deleniti ducimus molestiae voluptates maiores.', 579, 0, 11, '2021-07-13 02:13:34', '2021-07-13 02:13:34'),
(26, 'tempore', 'Excepturi iste libero dolorem exercitationem eos quos temporibus autem. Totam iusto voluptatem quo qui id officia odit. Non autem omnis qui et facilis quae omnis.', 761, 1, 14, '2021-07-13 02:13:34', '2021-07-13 02:13:34'),
(27, 'qui', 'Temporibus maxime deserunt soluta ut. Aspernatur eos officiis ea fugiat.', 213, 1, 3, '2021-07-13 02:13:34', '2021-07-13 02:13:34'),
(28, 'explicabo', 'Et libero velit porro error eius atque quia. Assumenda consequuntur maxime maiores et. Consequatur accusantium omnis eveniet qui dolorem labore sed.', 336, 0, 2, '2021-07-13 02:13:34', '2021-07-13 02:13:34'),
(29, 'mollitia', 'Error dolor vel fugit culpa libero. Deleniti reprehenderit quaerat ut eius ut. Sequi incidunt fuga aut atque nemo laborum consequuntur. Et eaque perspiciatis ipsum beatae veniam porro incidunt.', 562, 3, 4, '2021-07-13 02:13:34', '2021-07-13 02:13:34'),
(30, 'ipsum', 'A nam repellat voluptatem quia id consectetur. Voluptatem quidem vel laboriosam ut. Voluptatem nesciunt optio et velit facere et.', 242, 2, 19, '2021-07-13 02:13:34', '2021-07-13 02:13:34'),
(31, 'est', 'Voluptatem aspernatur velit rerum eum nesciunt reiciendis molestias. Dolor nihil quis qui. Et facilis non qui minus doloribus aliquam. Velit ut nihil veritatis qui atque enim.', 369, 1, 17, '2021-07-13 02:13:34', '2021-07-13 02:13:34'),
(32, 'ut', 'Ab quam vel accusamus iste consequatur dolorem. Temporibus rerum atque qui corporis dolorem et eum. Assumenda repellat perferendis explicabo rem.', 761, 0, 26, '2021-07-13 02:13:34', '2021-07-13 02:13:34'),
(33, 'occaecati', 'Sed voluptatum quia eum voluptatibus. Excepturi molestias earum aliquam omnis. Earum aut et magni. Dignissimos aliquam dolorum corrupti aut ipsa quod aut neque.', 614, 1, 15, '2021-07-13 02:13:34', '2021-07-13 02:13:34'),
(34, 'explicabo', 'Unde et rerum recusandae amet vero eius odio. Aliquid alias id et quisquam. Quasi ipsam rerum quia ad voluptates numquam quidem. Nihil molestias vel molestiae nostrum aperiam.', 119, 5, 23, '2021-07-13 02:13:34', '2021-07-13 02:13:34'),
(35, 'sint', 'Error voluptatem qui provident non. Autem occaecati veniam culpa blanditiis reiciendis. Sint sed et omnis cumque ad unde amet. Voluptas veritatis minima accusamus reiciendis et rerum.', 242, 0, 26, '2021-07-13 02:13:35', '2021-07-13 02:13:35'),
(36, 'ullam', 'Rem sed quidem maxime cum sint nisi. Ut aliquid ab eos dignissimos quia. Rem quos dolores in odio pariatur eveniet quia. Dolor eum aperiam et.', 709, 5, 26, '2021-07-13 02:13:35', '2021-07-13 02:13:35'),
(37, 'nesciunt', 'Sed nemo non autem autem dicta id consequatur. Molestiae blanditiis nulla eos rem dignissimos aut. Aspernatur voluptas quis accusamus cumque in. Nam praesentium facere esse.', 736, 4, 23, '2021-07-13 02:13:35', '2021-07-13 02:13:35'),
(38, 'ut', 'Officiis vitae quia dolorem voluptatem et incidunt doloribus. Neque dolores explicabo est quam et. Suscipit dolorem corporis voluptates iusto delectus.', 193, 5, 28, '2021-07-13 02:13:35', '2021-07-13 02:13:35'),
(39, 'rerum', 'Quia et fuga recusandae quo excepturi perspiciatis qui. Officiis et perferendis eum expedita iusto sint. Ad ratione voluptas qui odit praesentium et voluptas nesciunt. Consequatur nihil cupiditate autem deleniti aut asperiores. Animi quae tempore veritatis vel delectus sapiente.', 973, 2, 24, '2021-07-13 02:13:35', '2021-07-13 02:13:35'),
(40, 'sapiente', 'Consequatur laudantium doloremque aut dicta. Nihil ut dolor adipisci non. Quisquam libero consequuntur consequatur earum optio nesciunt consequuntur iusto. Laudantium totam sequi aut at et in ex.', 894, 1, 19, '2021-07-13 02:13:35', '2021-07-13 02:13:35'),
(41, 'occaecati', 'Placeat repellendus adipisci optio quaerat reiciendis earum. Vero ut consequatur doloribus ratione quis nihil nemo. Sint sapiente et et expedita a.', 107, 3, 19, '2021-07-13 02:13:35', '2021-07-13 02:13:35'),
(42, 'excepturi', 'Facere veniam est numquam et illo corporis nam. Ut ipsam et fugit. Sed nostrum quo ea rem voluptatum. Consequatur quia architecto et voluptatibus iure unde maiores.', 792, 1, 26, '2021-07-13 02:13:35', '2021-07-13 02:13:35'),
(43, 'eos', 'Ducimus animi in dolorem autem at. Perspiciatis rem molestiae quisquam fuga consequatur. Distinctio doloremque sed voluptas error ullam cupiditate eius. Cupiditate modi id quaerat consectetur atque dolorum excepturi.', 583, 9, 14, '2021-07-13 02:13:35', '2021-07-13 02:13:35'),
(44, 'consectetur', 'Praesentium officia odit provident iusto alias officiis. Corporis vitae commodi dolor. Repudiandae ut eos facilis id provident tempore.', 495, 7, 12, '2021-07-13 02:13:35', '2021-07-13 02:13:35'),
(45, 'possimus', 'Dignissimos quasi aut qui inventore perferendis et. Quam ipsum reprehenderit est ea ducimus quidem autem eius. Est voluptatum suscipit ut.', 781, 5, 9, '2021-07-13 02:13:35', '2021-07-13 02:13:35'),
(46, 'est', 'Voluptatum non incidunt quidem quis non qui. Placeat rerum id consequatur quis. Sed omnis aspernatur quia qui et autem voluptates.', 640, 9, 20, '2021-07-13 02:13:35', '2021-07-13 02:13:35'),
(47, 'sit', 'Aut ut dolores sequi alias et qui. Eum quaerat velit maxime perspiciatis consequatur voluptas in. Nisi laborum maiores officia qui recusandae et sapiente sit.', 223, 5, 23, '2021-07-13 02:13:35', '2021-07-13 02:13:35'),
(48, 'aut', 'Illum blanditiis maxime id et. Vel accusamus adipisci cumque enim eaque at nisi. Eum ipsum aperiam aspernatur sit. Ut laboriosam doloribus voluptate repudiandae.', 146, 1, 9, '2021-07-13 02:13:35', '2021-07-13 02:13:35'),
(49, 'quae', 'Dolorum eum error velit. Et quam vero omnis odit similique minima reprehenderit. Aliquid facere et sed modi sequi voluptas. Ut iste saepe doloremque sint aut libero officiis.', 640, 8, 18, '2021-07-13 02:13:35', '2021-07-13 02:13:35'),
(50, 'voluptatem', 'Dolores est nemo assumenda molestiae. Ut ut ea sint nisi perspiciatis aliquid et. Omnis enim voluptatem ab fugiat esse inventore id laborum. Suscipit qui vel optio sapiente in eius.', 104, 2, 6, '2021-07-13 02:13:35', '2021-07-13 02:13:35'),
(51, 'excepturi', 'Laboriosam cupiditate harum consectetur temporibus molestiae fuga tenetur. Rerum mollitia omnis quae soluta. Ipsa et magnam excepturi esse autem deserunt dolorum in. Provident qui alias sint vel atque autem. Ipsa beatae ratione quod omnis est.', 976, 5, 8, '2021-07-13 02:13:35', '2021-07-13 02:13:35'),
(52, 'est', 'Hic error velit quo ut et. Expedita sed mollitia rerum magnam sunt qui libero. Corporis accusantium voluptate assumenda provident delectus facere occaecati.', 722, 6, 10, '2021-07-13 02:13:35', '2021-07-13 02:13:35'),
(53, 'tempore', 'Porro sit optio rerum sint. Suscipit explicabo dolor hic sint et consequuntur autem. Et rerum exercitationem aliquid minus aliquam et temporibus quibusdam.', 751, 7, 14, '2021-07-13 02:13:35', '2021-07-13 02:13:35'),
(54, 'accusamus', 'Illo ullam sunt et. Consequatur praesentium magnam voluptatibus qui et voluptas sit dolor. Totam ut minima aut voluptas adipisci temporibus eaque. Sed itaque in explicabo reiciendis voluptatem et. Est nesciunt ut aut rerum quasi officiis inventore.', 624, 6, 9, '2021-07-13 02:13:35', '2021-07-13 02:13:35'),
(55, 'aut', 'Quod odio sequi quis praesentium voluptas. Animi eos corrupti asperiores cupiditate rerum quidem voluptatem. Pariatur est autem et eum et sint aut.', 294, 2, 21, '2021-07-13 02:13:35', '2021-07-13 02:13:35'),
(56, 'laboriosam', 'Corporis quibusdam molestiae modi hic perferendis ut. Error perspiciatis autem est omnis nostrum. Odit qui officiis laborum eveniet voluptatibus. Ab suscipit enim deleniti.', 309, 1, 11, '2021-07-13 02:13:35', '2021-07-13 02:13:35'),
(57, 'quidem', 'Dolorem aliquam quam earum. Eum non est unde sit. Ut et magni sit ea.', 196, 4, 10, '2021-07-13 02:13:35', '2021-07-13 02:13:35'),
(58, 'quisquam', 'Consequatur perferendis qui eum saepe numquam. Vero necessitatibus laborum fugiat similique neque. Vero reiciendis odit laborum et consequatur magnam quos recusandae.', 190, 5, 12, '2021-07-13 02:13:35', '2021-07-13 02:13:35'),
(59, 'incidunt', 'Perspiciatis eius iste aperiam fuga est voluptatem beatae. Voluptatem ea eos reprehenderit incidunt est. Atque omnis inventore magni rem.', 791, 8, 23, '2021-07-13 02:13:35', '2021-07-13 02:13:35'),
(60, 'aut', 'Dicta repellendus nostrum aut ab atque quibusdam. Sit aut vel error fuga velit. Reprehenderit excepturi porro corrupti ipsam vel.', 291, 3, 29, '2021-07-13 02:13:35', '2021-07-13 02:13:35'),
(61, 'est', 'Debitis molestiae molestias dolore pariatur quasi. Ex nobis quia iure facere veniam deleniti. Cupiditate rerum omnis libero dolor fugiat.', 600, 2, 18, '2021-07-13 02:13:35', '2021-07-13 02:13:35'),
(62, 'culpa', 'Aspernatur aut dicta dignissimos quasi esse mollitia. Ut facilis eum placeat corporis animi eius. Sit recusandae qui nobis fugit quae omnis. Harum quia laborum ad ab et non.', 208, 8, 8, '2021-07-13 02:13:35', '2021-07-13 02:13:35'),
(63, 'voluptatem', 'Dolor consequuntur voluptate nobis consectetur sit. Quam ut earum est temporibus. Labore recusandae rerum id sed a culpa ullam.', 839, 4, 23, '2021-07-13 02:13:35', '2021-07-13 02:13:35'),
(64, 'dolores', 'Voluptas ut qui ex non odit eveniet cumque. Sit facere tenetur perferendis minima velit. Inventore nostrum autem maiores libero. Excepturi nesciunt autem in quod ipsum quos error quidem.', 786, 4, 30, '2021-07-13 02:13:35', '2021-07-13 02:13:35'),
(65, 'quidem', 'Qui occaecati asperiores numquam aut eum voluptatum sint. Est nobis explicabo non repudiandae nostrum incidunt earum ex. Rem ut totam voluptatem. Expedita explicabo delectus ut velit magni dignissimos soluta.', 695, 7, 20, '2021-07-13 02:13:35', '2021-07-13 02:13:35'),
(66, 'dolores', 'Voluptatem eligendi optio eveniet sit quia quia odio. Placeat necessitatibus est ducimus amet autem autem quia. Totam quidem aut rerum vel ullam mollitia. Quia sed itaque libero dolorum sit unde sint.', 377, 4, 16, '2021-07-13 02:13:35', '2021-07-13 02:13:35'),
(67, 'beatae', 'Nemo ad laboriosam eveniet repellendus consectetur deserunt. Qui fuga vitae fugiat sunt neque dolorem ad. Vel explicabo quam sit. Sunt tenetur iste sit totam officia quis.', 830, 9, 29, '2021-07-13 02:13:35', '2021-07-13 02:13:35'),
(68, 'eum', 'Ut quos perspiciatis aliquam deserunt hic nisi eaque. Illum error ullam harum vero. Veritatis labore natus aut. Ullam voluptas ipsam consectetur in.', 356, 8, 10, '2021-07-13 02:13:35', '2021-07-13 02:13:35'),
(69, 'eaque', 'Incidunt sed distinctio aut quo sit. Itaque ipsa vel beatae qui explicabo autem qui. Voluptas qui omnis at nostrum ut labore. Quia et nobis maxime placeat autem consequuntur et accusamus.', 560, 1, 26, '2021-07-13 02:13:35', '2021-07-13 02:13:35'),
(70, 'quasi', 'Animi exercitationem in aliquid molestias et ipsam. Corrupti quia autem omnis excepturi iure tempore esse. Eius rerum et perspiciatis est cupiditate distinctio.', 306, 7, 10, '2021-07-13 02:13:36', '2021-07-13 02:13:36'),
(71, 'dolorum', 'Reiciendis suscipit est aut laborum vel. Totam eos non magnam.', 928, 7, 26, '2021-07-13 02:13:36', '2021-07-13 02:13:36'),
(72, 'accusantium', 'Odio repellendus nihil sit voluptas consequatur suscipit. Et quaerat quisquam consequuntur voluptas quia. Dignissimos eos molestiae dicta explicabo ut id voluptatem. Et aut ad porro. Est nisi eaque et eos totam pariatur assumenda.', 326, 4, 14, '2021-07-13 02:13:36', '2021-07-13 02:13:36'),
(73, 'recusandae', 'Id ut totam quia omnis molestiae ipsum repellat tempore. Vero nobis quis ut dolorem praesentium. Nobis quod ea ut voluptas sint.', 682, 0, 3, '2021-07-13 02:13:36', '2021-07-13 02:13:36'),
(74, 'omnis', 'Dicta est qui doloremque. Excepturi adipisci est esse dolor et voluptatem rerum. Dolorem ea ad sed ducimus temporibus. Quae sed sit unde. Sed ab debitis repellat nihil.', 487, 6, 27, '2021-07-13 02:13:36', '2021-07-13 02:13:36'),
(75, 'repudiandae', 'Enim minima reiciendis suscipit itaque recusandae quae. Sed fuga dolorem quis ad iure facere. Fugiat nesciunt minus iusto enim consequatur. Nam veritatis culpa sed eius in accusamus quae.', 763, 1, 10, '2021-07-13 02:13:36', '2021-07-13 02:13:36'),
(76, 'sit', 'Sint velit sed culpa quas qui rerum. Et totam nisi necessitatibus incidunt eum id. Molestiae ducimus quia iste voluptas eius doloremque cum.', 438, 6, 28, '2021-07-13 02:13:36', '2021-07-13 02:13:36'),
(77, 'a', 'Odit magni harum dolores id. Tempore ea est saepe soluta voluptatibus saepe dolores. Nostrum perspiciatis distinctio qui maiores autem. Repudiandae eaque quasi voluptatibus quis vitae. Iure fugit omnis doloribus consequatur necessitatibus hic.', 132, 7, 20, '2021-07-13 02:13:36', '2021-07-13 02:13:36'),
(78, 'odio', 'Enim earum doloremque explicabo pariatur. Et temporibus quis assumenda expedita amet. Cum dolor perferendis sapiente et.', 262, 7, 12, '2021-07-13 02:13:36', '2021-07-13 02:13:36'),
(79, 'alias', 'Enim vero voluptatem ipsum molestiae repellat quia voluptas. Voluptas ipsa aperiam maiores tempora vel quaerat voluptatem. Fugiat beatae harum aspernatur at enim vitae.', 708, 0, 23, '2021-07-13 02:13:36', '2021-07-13 02:13:36'),
(80, 'quaerat', 'Assumenda quidem corporis labore. Est ut labore velit dolor. Eligendi quod voluptas repellendus eos ex ipsa et. Sapiente voluptatem dolores aut.', 289, 7, 2, '2021-07-13 02:13:36', '2021-07-13 02:13:36'),
(81, 'voluptatem', 'Totam qui atque voluptas maiores. Labore quos vel est consectetur sed doloribus mollitia. Sit quis reiciendis nostrum non saepe delectus. Ad unde fuga laboriosam aliquam quae impedit molestiae repellat.', 264, 8, 14, '2021-07-13 02:13:36', '2021-07-13 02:13:36'),
(82, 'illum', 'Autem omnis ducimus autem. Voluptas consequatur ipsa voluptatibus eius nostrum architecto odit. Quidem corrupti ad consequuntur tempora provident sint modi. Dolores omnis nulla explicabo illo quam facere.', 988, 6, 29, '2021-07-13 02:13:36', '2021-07-13 02:13:36'),
(83, 'repudiandae', 'Et cumque amet rerum ut nam. Et nesciunt tenetur velit nulla quasi nisi quia iste. Voluptatem praesentium nam cum porro.', 487, 3, 25, '2021-07-13 02:13:36', '2021-07-13 02:13:36'),
(84, 'adipisci', 'At eveniet est ab et dicta. Ipsam inventore voluptas qui. Quibusdam neque reprehenderit voluptatem tenetur eos et.', 653, 6, 18, '2021-07-13 02:13:36', '2021-07-13 02:13:36'),
(85, 'aut', 'Soluta beatae vel inventore sequi repudiandae. Fugiat vel sunt quos. Expedita consequatur blanditiis reiciendis autem laboriosam dignissimos nobis. Nesciunt iusto est ipsum.', 506, 8, 16, '2021-07-13 02:13:36', '2021-07-13 02:13:36'),
(86, 'et', 'Nihil explicabo laboriosam sequi ut ea quisquam voluptas et. Et ipsa quia optio deleniti accusamus aperiam. Quae et libero officiis reprehenderit sint.', 220, 4, 28, '2021-07-13 02:13:36', '2021-07-13 02:13:36'),
(87, 'quidem', 'Illum et excepturi numquam vitae quaerat libero iste unde. Est unde placeat quod sed. Hic odio et ea velit dolores necessitatibus praesentium.', 995, 0, 24, '2021-07-13 02:13:36', '2021-07-13 02:13:36'),
(88, 'velit', 'Dicta vero vel possimus sunt nulla. Iusto exercitationem doloremque quia. Hic temporibus dolor sit est qui error exercitationem sit.', 226, 3, 28, '2021-07-13 02:13:36', '2021-07-13 02:13:36'),
(89, 'aut', 'Excepturi excepturi quod veritatis et odit eum quasi. Voluptatem ut vero exercitationem delectus aspernatur sit incidunt. Voluptatem laboriosam qui sequi et.', 454, 8, 2, '2021-07-13 02:13:36', '2021-07-13 02:13:36'),
(90, 'assumenda', 'Non qui nulla ut similique. Qui ab aliquid minus ullam. Non ullam odit maiores soluta eos molestiae consequuntur. Ut aut minus hic fuga velit consequatur ea tenetur.', 361, 3, 7, '2021-07-13 02:13:36', '2021-07-13 02:13:36'),
(91, 'non', 'In et delectus et. Omnis laborum debitis itaque quae doloremque nostrum id excepturi. Ut odit odio eius quaerat incidunt. Fugiat harum quos asperiores.', 288, 2, 7, '2021-07-13 02:13:36', '2021-07-13 02:13:36'),
(92, 'voluptatem', 'Voluptatibus qui tenetur qui tempore non et. Recusandae architecto qui accusamus eveniet iusto. Aut dolores animi natus. Nam quia sapiente libero. Ipsa libero esse velit.', 235, 1, 4, '2021-07-13 02:13:36', '2021-07-13 02:13:36'),
(93, 'omnis', 'Quia deleniti neque iure accusamus alias. Molestiae ut iste corporis amet quia aut. Cumque delectus quia assumenda quo. Quia delectus non vel corporis eos voluptatem aut.', 775, 7, 4, '2021-07-13 02:13:36', '2021-07-13 02:13:36'),
(94, 'tempore', 'Quidem at dolore aut libero ipsum delectus incidunt adipisci. Soluta dolore ut sunt nihil neque beatae. Magnam aperiam recusandae qui non.', 635, 5, 18, '2021-07-13 02:13:36', '2021-07-13 02:13:36'),
(95, 'maxime', 'Tempore aliquam ea aut. Maxime natus aut ut similique. Soluta quia ullam eius non.', 801, 4, 30, '2021-07-13 02:13:36', '2021-07-13 02:13:36'),
(96, 'ducimus', 'Deleniti quas officia veniam ducimus dolor. Et vel dignissimos nihil ut. At saepe delectus est hic magnam similique.', 487, 5, 13, '2021-07-13 02:13:36', '2021-07-13 02:13:36'),
(97, 'dolores', 'Ipsum provident voluptas sit quam autem nesciunt sed aliquam. Architecto reiciendis doloribus rem doloribus impedit fugit. Cupiditate repudiandae dolore doloremque ut natus quisquam molestias.', 898, 0, 15, '2021-07-13 02:13:36', '2021-07-13 02:13:36'),
(98, 'incidunt', 'Possimus assumenda quidem id voluptatibus. Saepe eum eligendi doloribus.', 690, 8, 5, '2021-07-13 02:13:36', '2021-07-13 02:13:36'),
(99, 'iure', 'Enim et sint rem eaque et dolor distinctio. Eius praesentium delectus sunt sit quis sit necessitatibus. Voluptate dolor expedita omnis natus exercitationem enim. Dolores placeat ab atque ea dolor ad et.', 998, 2, 6, '2021-07-13 02:13:36', '2021-07-13 02:13:36'),
(100, 'aperiam', 'Vel culpa quisquam accusantium veritatis quae iste. Necessitatibus eos cum adipisci illum dolore qui numquam. Totam quaerat distinctio dolorem vitae.', 573, 0, 18, '2021-07-13 02:13:36', '2021-07-13 02:13:36'),
(101, 'et', 'Minima deserunt aperiam tenetur et. Est qui quidem aut adipisci tenetur iure non dolorem. Quia veniam et debitis provident repellendus voluptates.', 563, 1, 17, '2021-07-13 02:15:18', '2021-07-13 02:15:18'),
(102, 'eos', 'Et saepe dicta et deserunt accusantium quis. Distinctio inventore magni veniam repellat ducimus pariatur sunt. Dolor voluptate velit quo numquam sunt cumque pariatur magnam.', 430, 6, 5, '2021-07-13 02:15:18', '2021-07-13 02:15:18'),
(103, 'magni', 'Quaerat earum autem corporis harum ratione est sed. Voluptatum quia quo harum optio ipsam earum commodi et. Repudiandae ducimus voluptatem corporis.', 607, 0, 9, '2021-07-13 02:15:18', '2021-07-13 02:15:18'),
(104, 'repudiandae', 'Laboriosam modi rem doloremque quisquam nisi incidunt et. Molestiae qui et asperiores vel. Iusto placeat in et dicta nisi omnis harum. Eaque dolor illo quam eos qui aperiam.', 357, 4, 22, '2021-07-13 02:15:18', '2021-07-13 02:15:18'),
(105, 'quaerat', 'Architecto non ea expedita dolores. Voluptatem ad dolorem sint. Nemo ipsum ut ut quia.', 398, 7, 14, '2021-07-13 02:15:19', '2021-07-13 02:15:19'),
(106, 'ab', 'Atque cupiditate aliquid voluptas voluptatem blanditiis accusantium. Omnis at aliquam voluptas. Et et repellendus debitis quisquam et.', 548, 3, 10, '2021-07-13 02:15:19', '2021-07-13 02:15:19'),
(107, 'velit', 'Laboriosam aliquid alias est labore voluptas. In rerum cumque impedit in impedit.', 243, 3, 16, '2021-07-13 02:15:19', '2021-07-13 02:15:19'),
(108, 'distinctio', 'Ut fuga consectetur esse. Earum qui et quo magni ea. In sed consequuntur dicta amet excepturi maxime delectus.', 862, 6, 17, '2021-07-13 02:15:19', '2021-07-13 02:15:19'),
(109, 'atque', 'Omnis quia delectus dicta aliquam autem. Voluptatibus explicabo consequatur possimus eveniet sed. Quis voluptatum quae aut minima eius exercitationem et.', 652, 3, 12, '2021-07-13 02:15:19', '2021-07-13 02:15:19'),
(110, 'nulla', 'Sit quam ut qui maxime doloribus iusto. Maiores qui ex aliquam est voluptatibus. Delectus atque enim modi aspernatur est aut vel. Culpa libero aliquid impedit animi.', 553, 0, 5, '2021-07-13 02:15:19', '2021-07-13 02:15:19'),
(111, 'eos', 'Sed enim aspernatur est quisquam est. Ipsam qui asperiores officiis ea beatae est. Aut modi aspernatur perspiciatis repellat. Ipsa nam ipsam consequatur et.', 493, 7, 20, '2021-07-13 02:15:19', '2021-07-13 02:15:19'),
(112, 'quidem', 'Cupiditate qui amet dolorem voluptatem. Quo similique esse quas tenetur magnam. Doloribus facilis nulla incidunt voluptatum delectus sint accusantium.', 975, 8, 27, '2021-07-13 02:15:19', '2021-07-13 02:15:19'),
(113, 'expedita', 'Qui accusantium aspernatur quisquam quia expedita voluptates ab. Eum ab officia consequatur aut fugit. Omnis iste laborum dolores nostrum. Rerum iusto excepturi voluptate earum. Voluptatem aut consectetur et dolorum earum.', 298, 3, 2, '2021-07-13 02:15:19', '2021-07-13 02:15:19'),
(114, 'asperiores', 'Laborum qui nisi expedita adipisci ut accusantium. Sint adipisci minus quia magnam vitae. Possimus molestiae pariatur ipsa illo.', 409, 8, 14, '2021-07-13 02:15:19', '2021-07-13 02:15:19'),
(115, 'quia', 'Itaque fugiat molestiae necessitatibus occaecati vitae. Eos consequatur possimus aut aliquid facilis. Exercitationem et eos id occaecati.', 347, 1, 30, '2021-07-13 02:15:19', '2021-07-13 02:15:19'),
(116, 'temporibus', 'Autem unde omnis ab earum laborum autem commodi. Et qui modi delectus fugit. Doloribus dolores facere nemo inventore.', 159, 6, 7, '2021-07-13 02:15:19', '2021-07-13 02:15:19'),
(117, 'pariatur', 'Id in quaerat et. Et qui quisquam vel eum vel laudantium.', 961, 1, 14, '2021-07-13 02:15:19', '2021-07-13 02:15:19'),
(118, 'ut', 'Laudantium vitae necessitatibus sit numquam delectus numquam omnis. Iusto incidunt repudiandae sequi vitae nisi voluptatibus possimus. Mollitia et et maiores facere.', 918, 6, 28, '2021-07-13 02:15:19', '2021-07-13 02:15:19'),
(119, 'necessitatibus', 'A culpa commodi ut rem asperiores. Ipsum rerum in quia sequi dicta deleniti. Unde doloribus est porro porro asperiores tenetur. Ut aliquid qui ipsa hic aut.', 659, 0, 12, '2021-07-13 02:15:19', '2021-07-13 02:15:19'),
(120, 'vitae', 'Praesentium ut et ab rem aperiam. Quia eaque molestiae qui itaque ad nihil. Ut id eligendi quos nam exercitationem temporibus eum. Et commodi omnis voluptatem quo tempore quae.', 500, 2, 27, '2021-07-13 02:15:19', '2021-07-13 02:15:19'),
(121, 'possimus', 'Sed qui pariatur tempora quis. Autem libero ipsa aut iusto. Velit vel sunt sit laboriosam laborum vel laborum. Ea architecto vitae culpa quis vel.', 701, 3, 5, '2021-07-13 02:15:19', '2021-07-13 02:15:19'),
(122, 'laudantium', 'Deleniti qui sapiente molestiae. Minus vitae optio facere similique voluptas nulla aut sapiente. Quia accusamus numquam quia ut consequatur sit.', 187, 8, 19, '2021-07-13 02:15:19', '2021-07-13 02:15:19'),
(123, 'ea', 'Laudantium omnis neque at eligendi voluptatibus ea hic autem. Ab quos vel quibusdam. Commodi occaecati inventore aliquid cum consequatur.', 453, 6, 24, '2021-07-13 02:15:19', '2021-07-13 02:15:19'),
(124, 'tempora', 'Tempora sit pariatur et aut voluptas. Dicta mollitia officia ut modi ullam pariatur. Quos a illo ab molestiae minima est. Quisquam quidem iure consectetur nostrum voluptatibus aperiam qui.', 313, 9, 27, '2021-07-13 02:15:19', '2021-07-13 02:15:19'),
(125, 'rerum', 'Praesentium voluptates accusamus soluta cupiditate. Sit rerum et cupiditate vitae laborum quos facilis. Eaque qui aut et ipsum corporis. Aut rem culpa vitae commodi tempora.', 847, 8, 9, '2021-07-13 02:15:19', '2021-07-13 02:15:19'),
(126, 'quaerat', 'Cumque ut optio quis animi quos. Qui magni consequuntur ipsam esse nisi repellendus. Adipisci ea laudantium quidem et.', 282, 1, 23, '2021-07-13 02:15:19', '2021-07-13 02:15:19'),
(127, 'quasi', 'Nisi beatae eligendi soluta dignissimos omnis et. Sunt totam sint laudantium dolores minima. Laudantium rem ipsum nesciunt aut. Aut architecto odit incidunt.', 136, 7, 18, '2021-07-13 02:15:19', '2021-07-13 02:15:19'),
(128, 'voluptatem', 'Excepturi natus repudiandae suscipit est debitis minima qui. Optio facere error quasi animi et similique eos. Quo beatae asperiores dignissimos mollitia aliquam ut.', 841, 2, 2, '2021-07-13 02:15:19', '2021-07-13 02:15:19'),
(129, 'suscipit', 'Nam eum laboriosam qui rerum voluptatem optio doloremque. Veniam ratione sequi qui incidunt sunt est autem sint. Consequatur voluptatum dolores ut cum nesciunt est ipsam.', 297, 2, 12, '2021-07-13 02:15:19', '2021-07-13 02:15:19'),
(130, 'quidem', 'Aperiam repellat cum nesciunt voluptatem nulla minus nihil. Odio eveniet consequatur quidem corporis repellat vitae in perspiciatis. Aliquid molestiae voluptas incidunt dolorum repellat.', 818, 4, 14, '2021-07-13 02:15:19', '2021-07-13 02:15:19'),
(131, 'impedit', 'Sunt beatae odio amet quas vitae. Consectetur occaecati non voluptatem. Est a sit assumenda consequuntur similique veritatis.', 451, 9, 11, '2021-07-13 02:15:19', '2021-07-13 02:15:19'),
(132, 'libero', 'Impedit est eveniet dignissimos iure ad ullam. Accusantium unde quisquam ducimus. Voluptatem voluptatum labore ut aut.', 876, 3, 8, '2021-07-13 02:15:20', '2021-07-13 02:15:20'),
(133, 'qui', 'Repudiandae eos perspiciatis atque saepe numquam culpa. Dolor modi nostrum id aliquam est ut. Sed dolor sit et excepturi. Aspernatur qui dolorem officiis.', 195, 5, 7, '2021-07-13 02:15:20', '2021-07-13 02:15:20'),
(134, 'est', 'Corrupti at nostrum architecto laborum. Velit delectus qui dolor eaque voluptates sit eos fuga. Explicabo non nobis enim sit magnam quis.', 419, 8, 3, '2021-07-13 02:15:20', '2021-07-13 02:15:20'),
(135, 'et', 'Exercitationem minus quidem adipisci eligendi qui qui aspernatur. Et quia aut unde quis magnam tempora. Pariatur aspernatur possimus aspernatur sunt quae blanditiis architecto aliquid. Id labore architecto animi autem quia.', 553, 3, 18, '2021-07-13 02:15:20', '2021-07-13 02:15:20'),
(136, 'aut', 'Aperiam aliquam molestiae corporis cum. Vitae saepe iusto possimus. Sapiente quisquam et provident possimus et. Officiis ullam eum eligendi alias natus voluptatem quod.', 954, 5, 5, '2021-07-13 02:15:20', '2021-07-13 02:15:20'),
(137, 'autem', 'Sit sint aspernatur non quisquam ipsa ut quasi. Magni sit voluptas accusantium aut culpa. Quis quas quaerat non error.', 813, 2, 28, '2021-07-13 02:15:20', '2021-07-13 02:15:20'),
(138, 'nostrum', 'Debitis nam ipsam dignissimos voluptatem reprehenderit fuga nihil. Ullam qui nobis non exercitationem qui optio quia dolore. Ratione eum delectus exercitationem commodi quis minus ab. Doloremque enim voluptas et numquam alias iure.', 470, 6, 7, '2021-07-13 02:15:20', '2021-07-13 02:15:20'),
(139, 'voluptatibus', 'Est soluta assumenda ullam nesciunt. Nobis autem magni ut. Ipsum et sint pariatur reiciendis sit et.', 730, 1, 28, '2021-07-13 02:15:20', '2021-07-13 02:15:20'),
(140, 'est', 'Eius omnis id aliquam quo quae. Quae rerum molestiae asperiores ab sunt sed. Corrupti sunt ratione voluptas autem nesciunt cum.', 826, 2, 10, '2021-07-13 02:15:20', '2021-07-13 02:15:20'),
(141, 'accusantium', 'Et tempore sit officiis esse asperiores. Error illo voluptates omnis omnis impedit aut. Saepe quidem nam eius non eveniet. Perspiciatis ratione nihil voluptas aut.', 881, 2, 15, '2021-07-13 02:15:20', '2021-07-13 02:15:20'),
(142, 'eveniet', 'Corrupti est non dolorem aut fugit vitae. Facilis distinctio assumenda consectetur animi libero. Exercitationem et est fugiat aliquid dolores odio. Fugit et optio impedit.', 394, 8, 10, '2021-07-13 02:15:20', '2021-07-13 02:15:20'),
(143, 'sapiente', 'Expedita alias recusandae rerum. Cupiditate facere velit est velit vel voluptate. Aut deleniti repudiandae aliquid quibusdam porro assumenda facilis.', 138, 0, 3, '2021-07-13 02:15:20', '2021-07-13 02:15:20'),
(144, 'architecto', 'Omnis quia vitae at repellat fuga. Illum tempora deleniti explicabo reiciendis dolorem nobis. Earum quia quis minus dicta maxime quo.', 836, 6, 28, '2021-07-13 02:15:20', '2021-07-13 02:15:20'),
(145, 'magni', 'Voluptate nam explicabo dolores doloremque et cumque. Cumque quaerat culpa numquam eum. Possimus porro sit officiis dolores nesciunt sint. Qui dolorem vitae est enim.', 813, 0, 10, '2021-07-13 02:15:20', '2021-07-13 02:15:20'),
(146, 'repellendus', 'Ipsa fuga reiciendis voluptatem aliquam. Corporis alias sequi placeat odio exercitationem qui aliquid necessitatibus. Iste voluptates quasi tempore. Tenetur aut hic possimus aliquid impedit.', 558, 2, 23, '2021-07-13 02:15:20', '2021-07-13 02:15:20'),
(147, 'enim', 'Est quis veniam vel ea quod repudiandae repellat. Rerum et qui at dolores explicabo dignissimos qui quia. Neque ut debitis est nobis.', 800, 5, 7, '2021-07-13 02:15:20', '2021-07-13 02:15:20'),
(148, 'qui', 'Cupiditate quae eius quibusdam quisquam ratione consequuntur occaecati vel. Incidunt doloribus quos sit. Amet vero ad minima nesciunt libero voluptas. Pariatur id in quod.', 320, 6, 12, '2021-07-13 02:15:20', '2021-07-13 02:15:20'),
(149, 'ut', 'Voluptate aut et dicta. Et reprehenderit vitae ut odio. Quos et voluptate quasi at minima dolorem quasi. Et et praesentium nihil ut quia.', 158, 3, 23, '2021-07-13 02:15:20', '2021-07-13 02:15:20'),
(150, 'sit', 'Repudiandae fugiat modi sit nihil qui. Enim aut quidem laborum ratione ut. Qui ea libero aspernatur quis est. Neque dicta provident nam voluptate itaque.', 610, 1, 10, '2021-07-13 02:15:20', '2021-07-13 02:15:20'),
(151, 'et', 'Placeat veritatis illum provident alias sit. Tenetur enim quisquam quos aut numquam. Voluptatem iusto qui quasi commodi atque accusamus sint veritatis. Tempore mollitia ut dolorem tempora aut reiciendis illo asperiores.', 216, 7, 26, '2021-07-13 02:15:20', '2021-07-13 02:15:20'),
(152, 'et', 'Neque ex sunt sequi commodi totam magni reiciendis. Doloribus accusantium dolorum reiciendis explicabo ea. Voluptate nemo delectus excepturi quisquam aliquam voluptatem.', 796, 2, 28, '2021-07-13 02:15:20', '2021-07-13 02:15:20'),
(153, 'perspiciatis', 'Quo quam corporis enim sed. Deleniti tempora vel laudantium qui. Atque est dignissimos corporis in voluptatibus aut quam.', 116, 5, 25, '2021-07-13 02:15:20', '2021-07-13 02:15:20'),
(154, 'beatae', 'Laudantium ad officia ipsum ipsa magni asperiores nobis. Vero molestiae modi molestiae.', 618, 8, 29, '2021-07-13 02:15:20', '2021-07-13 02:15:20'),
(155, 'vel', 'Repellat explicabo atque eveniet ipsam nisi. Sunt dolorem ut amet ipsam dicta quam sed.', 665, 7, 10, '2021-07-13 02:15:20', '2021-07-13 02:15:20'),
(156, 'assumenda', 'A id qui aut sit hic beatae est. Et quaerat sunt molestias est numquam aut et dolor. Impedit non tempore a adipisci. Qui ut et aspernatur esse totam itaque. A eaque et necessitatibus.', 892, 1, 26, '2021-07-13 02:15:20', '2021-07-13 02:15:20'),
(157, 'et', 'Saepe tempora quasi aut amet. Sit odio et et blanditiis. Eligendi quos doloribus a sed at nisi quam quis. Et quis facere illo ex quis voluptates velit.', 292, 8, 24, '2021-07-13 02:15:20', '2021-07-13 02:15:20'),
(158, 'error', 'Debitis atque nesciunt quia et voluptas ullam. In ea dicta placeat sequi. Omnis numquam aliquid voluptatibus non id blanditiis.', 808, 8, 22, '2021-07-13 02:15:20', '2021-07-13 02:15:20'),
(159, 'eum', 'Nam aut commodi ipsam sed. Odit quis et officiis sapiente dolorem.', 887, 3, 7, '2021-07-13 02:15:20', '2021-07-13 02:15:20'),
(160, 'aliquam', 'Illum quibusdam et ut quo saepe veniam consequuntur. Omnis quo numquam eligendi quibusdam cumque dolorem. Quisquam delectus in voluptas commodi illo. Sint blanditiis qui doloremque vitae.', 404, 6, 12, '2021-07-13 02:15:20', '2021-07-13 02:15:20'),
(161, 'consectetur', 'Consectetur delectus ipsa at tempora veritatis. Consequatur ut natus quia sit. Ad fuga assumenda id iure qui quaerat earum. Quia dicta commodi ipsa sunt aut accusantium impedit nemo.', 350, 6, 6, '2021-07-13 02:15:20', '2021-07-13 02:15:20'),
(162, 'velit', 'Sed rerum incidunt iusto excepturi rerum est qui non. Quis animi officiis facilis in nostrum assumenda. Ut iste delectus et repellendus magni ut officia.', 483, 8, 24, '2021-07-13 02:15:20', '2021-07-13 02:15:20'),
(163, 'fuga', 'Libero est repudiandae eaque enim sint reiciendis. Libero qui et qui quaerat. Soluta eum est ut similique quis soluta. Harum et esse quam aut perspiciatis aut.', 438, 6, 5, '2021-07-13 02:15:20', '2021-07-13 02:15:20'),
(164, 'et', 'Similique explicabo repellat quia laboriosam sed nihil recusandae ea. Ab sed possimus explicabo est consequuntur. Architecto sed cum deserunt eum eligendi quo voluptatem maiores.', 742, 1, 20, '2021-07-13 02:15:20', '2021-07-13 02:15:20'),
(165, 'occaecati', 'Accusamus labore ut eos sequi consequuntur. Qui quia reiciendis atque ut saepe minus. Laborum ratione minima fugiat qui autem.', 596, 3, 27, '2021-07-13 02:15:20', '2021-07-13 02:15:20'),
(166, 'quia', 'Aut quaerat et placeat provident rerum. Eveniet facere modi eveniet ad voluptatum nostrum tempora. Aliquam dolore voluptatem fugit placeat aperiam et assumenda.', 818, 5, 24, '2021-07-13 02:15:20', '2021-07-13 02:15:20'),
(167, 'aut', 'Beatae ut incidunt dolor nam qui minima assumenda atque. Placeat aut omnis saepe. Non provident sit voluptatem eaque soluta unde aut.', 453, 1, 28, '2021-07-13 02:15:20', '2021-07-13 02:15:20'),
(168, 'nesciunt', 'Aut maiores sint perspiciatis ex nostrum perferendis nisi. Mollitia temporibus ipsum est et nisi blanditiis cumque. Sapiente vel officiis corrupti libero. Magnam adipisci dolores sit laborum.', 906, 7, 5, '2021-07-13 02:15:20', '2021-07-13 02:15:20'),
(169, 'veritatis', 'Ipsam voluptatibus at natus. Velit sapiente illo ullam odio et. Iusto provident voluptatem commodi qui. Fugiat dolorum eveniet exercitationem quas.', 838, 1, 17, '2021-07-13 02:15:21', '2021-07-13 02:15:21'),
(170, 'et', 'Eligendi voluptatem consequatur et ratione et id. Repudiandae quis ipsam impedit dolorem et dolorem. Ex minus nesciunt maiores quisquam. Non assumenda ex dolorum.', 423, 4, 14, '2021-07-13 02:15:21', '2021-07-13 02:15:21'),
(171, 'aut', 'Eaque consequatur eos ducimus et ut eum autem. Sed nihil rerum quae et est dolore. Qui sit nemo consequatur.', 985, 3, 21, '2021-07-13 02:15:21', '2021-07-13 02:15:21'),
(172, 'et', 'Impedit cum minima dolorem modi accusantium molestiae exercitationem consequuntur. Suscipit ut molestias tenetur et id modi. Est nulla ea et voluptatibus. Ad inventore inventore esse vel animi earum esse.', 583, 6, 15, '2021-07-13 02:15:21', '2021-07-13 02:15:21'),
(173, 'fuga', 'Ipsam aliquam aut voluptas voluptas perferendis et in. Facilis aspernatur rem ea voluptatem debitis perspiciatis omnis. Qui aperiam praesentium ipsam quos maxime aliquid libero.', 942, 9, 16, '2021-07-13 02:15:21', '2021-07-13 02:15:21'),
(174, 'beatae', 'Dicta sit sed corrupti provident et. Rem quo occaecati id officiis ut. Recusandae in veritatis commodi vel porro.', 526, 3, 24, '2021-07-13 02:15:21', '2021-07-13 02:15:21'),
(175, 'aut', 'Assumenda assumenda numquam maiores occaecati. Aut rerum officia quibusdam quia aut. Cum doloribus dolores sint unde.', 155, 5, 23, '2021-07-13 02:15:21', '2021-07-13 02:15:21'),
(176, 'debitis', 'Aliquid eaque cumque eligendi est nisi quo sit. Eos optio voluptatibus accusamus qui eos tempora. Tempora autem ut sed qui fugiat.', 809, 4, 29, '2021-07-13 02:15:21', '2021-07-13 02:15:21'),
(177, 'recusandae', 'Nesciunt in eaque aliquid at. Nihil eum placeat perferendis in. Recusandae ut ipsa facilis ea.', 576, 0, 25, '2021-07-13 02:15:21', '2021-07-13 02:15:21'),
(178, 'voluptatem', 'Quo doloribus magni accusantium eos incidunt repellendus. Placeat est repellendus et et est nemo provident. Necessitatibus consequatur rerum incidunt quo veritatis. Est nihil adipisci omnis et nobis ea.', 534, 5, 2, '2021-07-13 02:15:21', '2021-07-13 02:15:21'),
(179, 'quibusdam', 'Eveniet non nam eum eligendi. Ipsum voluptatum at sunt. Assumenda odio id perferendis consequuntur quis tenetur.', 945, 5, 14, '2021-07-13 02:15:21', '2021-07-13 02:15:21'),
(180, 'qui', 'Et doloribus atque vel. Est sed ut autem similique voluptates illo.', 884, 9, 23, '2021-07-13 02:15:21', '2021-07-13 02:15:21'),
(181, 'totam', 'A dolores quidem veritatis quisquam nulla dicta. Dolorum accusantium accusantium esse quia sequi deleniti. Veritatis cupiditate consequatur ratione earum inventore.', 762, 3, 2, '2021-07-13 02:15:21', '2021-07-13 02:15:21'),
(182, 'totam', 'Optio dignissimos quo aut vitae. Dolorem ab voluptatibus et accusamus necessitatibus sit. Quisquam maxime illo non officia dignissimos.', 259, 6, 24, '2021-07-13 02:15:21', '2021-07-13 02:15:21'),
(183, 'illum', 'Facilis quo quibusdam laboriosam quidem. Quas voluptatibus perferendis temporibus harum dolores. Neque sed corporis sit. Dolores molestiae eius molestias et.', 841, 9, 25, '2021-07-13 02:15:21', '2021-07-13 02:15:21'),
(184, 'dignissimos', 'Voluptas animi soluta suscipit modi aut quisquam. Veritatis a rem quis doloremque officiis recusandae. Et accusantium consequatur quibusdam animi doloremque. Odit vero delectus est est alias aut.', 544, 0, 26, '2021-07-13 02:15:21', '2021-07-13 02:15:21'),
(185, 'id', 'Quaerat aut aspernatur numquam consequuntur tempora. Commodi non nesciunt molestiae est doloremque. Voluptatem fuga error quod.', 662, 8, 20, '2021-07-13 02:15:21', '2021-07-13 02:15:21'),
(186, 'sit', 'Cumque qui blanditiis et cupiditate. Tempore assumenda ut non eius aut eius dolorem eius. Repellat molestias dolores est placeat commodi.', 522, 9, 23, '2021-07-13 02:15:21', '2021-07-13 02:15:21'),
(187, 'est', 'Aperiam possimus tempora consequuntur dolorem. Distinctio suscipit illo eius ea nam porro. Nostrum officia expedita quibusdam porro consequuntur architecto quis.', 539, 7, 3, '2021-07-13 02:15:21', '2021-07-13 02:15:21'),
(188, 'qui', 'Eaque ut dolores soluta laborum. Rerum laudantium magnam occaecati id vel. Illum accusantium et aspernatur vel debitis aliquam nostrum.', 147, 5, 5, '2021-07-13 02:15:21', '2021-07-13 02:15:21'),
(189, 'asperiores', 'Est cum est dolorum vero repellat similique. Maxime quaerat sint sed eligendi sequi amet. Sit sed aut architecto et repellendus. Perferendis est at corrupti mollitia doloribus corporis.', 632, 0, 7, '2021-07-13 02:15:21', '2021-07-13 02:15:21'),
(190, 'nobis', 'Velit neque culpa nostrum vero veritatis tenetur. Ea ut itaque temporibus maiores voluptas ut. Perspiciatis distinctio exercitationem est itaque voluptatem modi. Consequatur ut reiciendis necessitatibus earum dolor magnam error reprehenderit.', 504, 7, 4, '2021-07-13 02:15:21', '2021-07-13 02:15:21'),
(191, 'dolores', 'Et labore accusamus eaque id praesentium dolor error. Debitis ut perferendis ratione eveniet vero nostrum est sapiente.', 609, 9, 17, '2021-07-13 02:15:21', '2021-07-13 02:15:21'),
(192, 'molestiae', 'Voluptatum rem ea et quia maxime quia. Debitis et maxime enim possimus amet. Repellat omnis est ut quam est voluptates sapiente.', 586, 5, 20, '2021-07-13 02:15:21', '2021-07-13 02:15:21'),
(193, 'ab', 'Nostrum sint enim et sequi. Ipsa qui inventore nihil temporibus reiciendis voluptas magni. Enim corrupti et non laudantium inventore ad magni in. Maiores voluptates officia explicabo fuga facere dolore corrupti.', 534, 8, 23, '2021-07-13 02:15:21', '2021-07-13 02:15:21'),
(194, 'sit', 'Quos quibusdam dolor totam provident praesentium qui. Labore et illum est ut soluta eligendi voluptatem. Nostrum ut alias debitis quo dicta minima minus.', 916, 7, 12, '2021-07-13 02:15:21', '2021-07-13 02:15:21'),
(195, 'sequi', 'Consectetur molestias voluptas cupiditate voluptatem sed aspernatur quo ab. Et aspernatur fugiat facilis quae at ad. Nesciunt hic est quod ea mollitia. Nihil qui inventore nostrum voluptatum id dolorem.', 636, 4, 27, '2021-07-13 02:15:21', '2021-07-13 02:15:21'),
(196, 'nostrum', 'Enim aut eveniet soluta exercitationem nesciunt cum tenetur. Dignissimos qui nesciunt eaque eum non. Ullam labore voluptas itaque mollitia culpa vel eligendi. Autem officiis quia aut eos.', 710, 3, 24, '2021-07-13 02:15:21', '2021-07-13 02:15:21'),
(197, 'vel', 'Est iusto ea commodi vel rerum. Fugit nobis dolorem molestias provident eum. Ipsam harum placeat cupiditate aliquam magni iste deserunt occaecati. Nemo similique dolorum voluptatum in eaque quia.', 849, 8, 15, '2021-07-13 02:15:21', '2021-07-13 02:15:21'),
(198, 'voluptatem', 'Placeat molestiae a enim illo nihil iure mollitia. Ut perspiciatis a doloremque recusandae. Magni sed aut sapiente qui quaerat qui. Ipsa vero consequatur cupiditate voluptatibus in. In fuga sed incidunt et.', 494, 8, 4, '2021-07-13 02:15:21', '2021-07-13 02:15:21'),
(199, 'adipisci', 'Dolor consequuntur sit modi dolorem veniam est. Neque iusto architecto et maiores. Molestias quas ea enim nobis voluptatem consectetur asperiores voluptatibus. Vero ullam qui doloribus voluptas itaque.', 798, 6, 10, '2021-07-13 02:15:21', '2021-07-13 02:15:21'),
(200, 'quos', 'Pariatur nesciunt quos quo et ab adipisci quaerat. Ut voluptas repellendus nihil distinctio eius modi sequi. Omnis eveniet rerum consectetur quia.', 946, 0, 11, '2021-07-13 02:15:21', '2021-07-13 02:15:21');

-- --------------------------------------------------------

--
-- Table structure for table `reviews`
--

CREATE TABLE `reviews` (
  `id` int(10) UNSIGNED NOT NULL,
  `product_id` int(10) UNSIGNED NOT NULL,
  `customer` varchar(255) COLLATE utf8mb4_unicode_ci NOT NULL,
  `review` text COLLATE utf8mb4_unicode_ci NOT NULL,
  `star` int(11) NOT NULL,
  `created_at` timestamp NULL DEFAULT NULL,
  `updated_at` timestamp NULL DEFAULT NULL
) ENGINE=InnoDB DEFAULT CHARSET=utf8mb4 COLLATE=utf8mb4_unicode_ci;

--
-- Dumping data for table `reviews`
--

INSERT INTO `reviews` (`id`, `product_id`, `customer`, `review`, `star`, `created_at`, `updated_at`) VALUES
(1, 6, 'expedita', 'Est repellat neque maxime ut unde. Facilis ut ut ut. Dolor ab qui vel est dignissimos. Consectetur qui aut fugiat esse. Ut doloremque fugiat earum necessitatibus nisi.', 1, '2021-07-13 02:15:23', '2021-07-13 02:15:23'),
(2, 32, 'omnis', 'Debitis sequi sint et rerum. Aut qui non sunt. Modi facilis nam repellat voluptatibus itaque nam. Impedit maxime quisquam voluptas reprehenderit delectus.', 2, '2021-07-13 02:15:23', '2021-07-13 02:15:23'),
(3, 4, 'est', 'Ex sapiente et atque deserunt voluptas velit ut reprehenderit. Quis quia nihil est voluptates ut. Unde dolore ipsa sunt illo recusandae. Quasi deleniti cumque autem.', 5, '2021-07-13 02:15:23', '2021-07-13 02:15:23'),
(4, 34, 'exercitationem', 'Vitae delectus laudantium dolor perspiciatis unde omnis beatae. Non tempora quisquam provident aliquam reprehenderit molestiae sed. Iusto ut qui explicabo iste. Modi quia est perferendis id quae nemo.', 5, '2021-07-13 02:15:23', '2021-07-13 02:15:23'),
(5, 77, 'a', 'Omnis in similique velit nostrum. Non earum sed sunt quasi incidunt delectus. Excepturi consectetur consequatur eligendi explicabo.', 3, '2021-07-13 02:15:23', '2021-07-13 02:15:23'),
(6, 24, 'possimus', 'Non enim error minus doloremque. Nihil dicta vel ratione quia deserunt totam labore. Labore delectus molestiae distinctio dicta fuga asperiores.', 5, '2021-07-13 02:15:23', '2021-07-13 02:15:23'),
(7, 71, 'tempora', 'Numquam sed praesentium autem aut fuga. Quae in aspernatur voluptatem architecto. Et quisquam nostrum possimus atque ea id. Ipsum officia nam quas vero sunt mollitia assumenda.', 4, '2021-07-13 02:15:23', '2021-07-13 02:15:23'),
(8, 126, 'dolores', 'Incidunt illo at eveniet in quod. Doloribus molestiae libero dignissimos enim. Autem aspernatur porro excepturi et libero. Alias a iste aut aut.', 0, '2021-07-13 02:15:23', '2021-07-13 02:15:23'),
(9, 149, 'commodi', 'Voluptate et non autem ut. Et tempora quia laborum eligendi cum enim ut. Deleniti odit voluptatibus repudiandae illum similique.', 0, '2021-07-13 02:15:23', '2021-07-13 02:15:23'),
(10, 156, 'dolor', 'Consequuntur sunt officiis sit excepturi. Tenetur tempore laudantium sit non ut et. Quo facere quo velit omnis excepturi explicabo ipsum doloribus. Beatae culpa deleniti voluptas odit et odio.', 1, '2021-07-13 02:15:23', '2021-07-13 02:15:23'),
(11, 182, 'ea', 'Dolore nulla ea iure velit qui fugit vitae. Veniam dolorum blanditiis placeat aut vitae unde sit. Sequi voluptatum veritatis omnis quia quaerat impedit voluptatem. Sint ut expedita eligendi illum ut rerum necessitatibus. Ut quis occaecati ut dicta atque.', 3, '2021-07-13 02:15:23', '2021-07-13 02:15:23'),
(12, 153, 'sint', 'Et asperiores fuga sapiente sunt magni dolore. Adipisci mollitia quod beatae veritatis expedita. Qui iure aut magni perferendis vitae eum aut. Molestiae doloribus laudantium aliquam fuga molestiae.', 4, '2021-07-13 02:15:23', '2021-07-13 02:15:23'),
(13, 149, 'inventore', 'Quibusdam similique magni odio pariatur aut necessitatibus. At amet blanditiis sint facilis est. Neque deserunt nostrum quo ullam ab corporis.', 0, '2021-07-13 02:15:23', '2021-07-13 02:15:23'),
(14, 93, 'nam', 'Ea dolorum deleniti quod non. Qui corrupti voluptatem quia neque in et repellat. Doloremque animi eum officiis. Et eaque quo sint tempore.', 2, '2021-07-13 02:15:23', '2021-07-13 02:15:23'),
(15, 140, 'magnam', 'Id rem aut sed nemo omnis ad et. Harum quia eaque voluptatibus. Velit voluptates ratione nisi. At doloribus quaerat ratione velit nostrum ut deleniti.', 4, '2021-07-13 02:15:23', '2021-07-13 02:15:23'),
(16, 134, 'non', 'Sunt velit reiciendis numquam et eum. Totam distinctio ut illum temporibus. Fugiat in quas mollitia nesciunt porro quod.', 5, '2021-07-13 02:15:23', '2021-07-13 02:15:23'),
(17, 138, 'neque', 'Repellendus eius odio dolore officia fuga autem itaque autem. Sit pariatur dolorum ea optio iure. Enim nesciunt modi est sunt. Deserunt nihil voluptas vitae minus nam. Totam voluptatibus doloribus aut laudantium perferendis nam ut.', 1, '2021-07-13 02:15:23', '2021-07-13 02:15:23'),
(18, 90, 'illo', 'Aut dolor laboriosam aliquam esse ipsam. Unde laudantium quia porro qui dolore. Esse quis ab aut laborum quidem.', 1, '2021-07-13 02:15:23', '2021-07-13 02:15:23'),
(19, 66, 'corporis', 'Reiciendis et ullam eos dicta dolor rerum qui. Dolorem officia aspernatur eum amet voluptas deleniti. Consequatur nostrum eum dolor doloribus harum deleniti minus. Perspiciatis et occaecati accusamus.', 4, '2021-07-13 02:15:23', '2021-07-13 02:15:23'),
(20, 146, 'ut', 'Esse nostrum delectus praesentium provident. Suscipit tempora deserunt quos in neque voluptatem. Natus aut eius deserunt qui velit voluptas. Consequatur et quasi optio nihil.', 4, '2021-07-13 02:15:23', '2021-07-13 02:15:23'),
(21, 159, 'voluptas', 'Suscipit temporibus commodi voluptas et in reiciendis. Esse harum illum sequi autem. Reiciendis natus deserunt provident eaque aliquid explicabo.', 3, '2021-07-13 02:15:23', '2021-07-13 02:15:23'),
(22, 173, 'molestias', 'Sed consequatur ipsam autem. Ratione inventore earum molestiae earum. Ut perspiciatis dolor repellendus et nemo. Ut voluptatum cum consequatur exercitationem nihil voluptatem sunt.', 1, '2021-07-13 02:15:23', '2021-07-13 02:15:23'),
(23, 77, 'est', 'Natus aliquam velit eaque molestiae. Officia in ratione vel necessitatibus labore laboriosam consequatur. Delectus ipsam natus dolor dolore tempora.', 3, '2021-07-13 02:15:23', '2021-07-13 02:15:23'),
(24, 24, 'iure', 'Dolorem inventore numquam modi soluta soluta. Nam quo aut adipisci optio. Consectetur totam ex cumque. Dicta voluptatum illum illum aperiam laborum recusandae. Aut sit aut est totam et doloremque iure.', 4, '2021-07-13 02:15:23', '2021-07-13 02:15:23'),
(25, 46, 'non', 'Non accusamus delectus sint exercitationem. Voluptate non expedita hic repudiandae exercitationem beatae.', 4, '2021-07-13 02:15:23', '2021-07-13 02:15:23'),
(26, 47, 'quo', 'Animi ipsam natus ut harum quibusdam quaerat libero. Expedita explicabo sed sint et consequatur est.', 2, '2021-07-13 02:15:23', '2021-07-13 02:15:23'),
(27, 136, 'ex', 'Ut consequatur dolores reprehenderit quaerat eius. Est esse saepe ad.', 4, '2021-07-13 02:15:23', '2021-07-13 02:15:23'),
(28, 146, 'neque', 'Sed esse ut id adipisci sit ut sint eos. Dolores sequi assumenda voluptas quis tempore repellat qui accusantium. Omnis in quos accusamus molestias. Odit non beatae voluptatem voluptas voluptatem est.', 1, '2021-07-13 02:15:24', '2021-07-13 02:15:24'),
(29, 121, 'aut', 'Dolores natus non est et quo illo. Eum eum voluptates eos debitis sed fuga possimus. Eum accusamus pariatur velit ut consequatur id. Deserunt hic animi ex.', 4, '2021-07-13 02:15:24', '2021-07-13 02:15:24'),
(30, 123, 'cumque', 'Doloribus amet totam quaerat qui reiciendis provident sapiente culpa. Et aut quasi corrupti qui ut praesentium facere. Illo fugit et modi voluptatibus debitis quae. Aliquid voluptatem magni assumenda.', 4, '2021-07-13 02:15:24', '2021-07-13 02:15:24'),
(31, 20, 'molestiae', 'Aut et mollitia modi error. Quidem cupiditate nemo est laborum libero rerum. Esse perferendis quod excepturi et mollitia earum. Similique aut quae explicabo quisquam fugit nostrum.', 5, '2021-07-13 02:15:24', '2021-07-13 02:15:24'),
(32, 168, 'nihil', 'Fugiat qui alias consequatur exercitationem. Asperiores sit animi eum tenetur voluptatem. Dolorem repudiandae non vero. Quibusdam nihil sed blanditiis quisquam. Alias ad cum perferendis sed quis vero.', 1, '2021-07-13 02:15:24', '2021-07-13 02:15:24'),
(33, 114, 'dicta', 'Hic dolorum odio et. Dignissimos iure perspiciatis tempora magnam sapiente. Nihil dolorum corrupti ut rem eveniet. Dolores facilis ab expedita et eius aut.', 3, '2021-07-13 02:15:24', '2021-07-13 02:15:24'),
(34, 165, 'adipisci', 'Suscipit sequi dignissimos blanditiis commodi. Id doloribus est et magni velit tempore eum. Laboriosam eum nihil sint. Optio doloribus quo dolorem quia labore eos aperiam iure.', 0, '2021-07-13 02:15:24', '2021-07-13 02:15:24'),
(35, 3, 'nobis', 'Optio sunt aspernatur unde molestias. Quasi tempore est nemo dolores dolorem. Aliquam autem quasi et quasi dolorum.', 2, '2021-07-13 02:15:24', '2021-07-13 02:15:24'),
(36, 71, 'voluptatum', 'Quia cum qui ut aut voluptate. Neque fuga libero aut consequatur consequuntur sit qui.', 3, '2021-07-13 02:15:24', '2021-07-13 02:15:24'),
(37, 60, 'laborum', 'Fugit fugiat omnis et architecto qui. Possimus quia qui sequi et placeat est. Nam ipsum modi voluptas cupiditate perferendis excepturi voluptate. Magni repellendus quis vel eaque doloremque beatae.', 1, '2021-07-13 02:15:24', '2021-07-13 02:15:24'),
(38, 118, 'magni', 'Necessitatibus sequi eum ex explicabo aspernatur et exercitationem nulla. Et consequuntur quia placeat non. Nostrum sint explicabo eveniet. Velit harum quia aspernatur iure omnis.', 5, '2021-07-13 02:15:24', '2021-07-13 02:15:24'),
(39, 56, 'quo', 'Iusto qui nobis unde tenetur ut deleniti. Non iusto veniam eum omnis praesentium optio voluptatem. Tempora ut corporis voluptatibus laudantium provident enim sed. Velit suscipit ducimus voluptas ut excepturi nesciunt vero.', 2, '2021-07-13 02:15:24', '2021-07-13 02:15:24'),
(40, 123, 'nostrum', 'Quis aut dicta velit et non eum. Autem velit tenetur quis ducimus ut. Ea ut nemo voluptate quibusdam dolorem accusantium repellat. Quasi laborum in fugit ut.', 3, '2021-07-13 02:15:24', '2021-07-13 02:15:24'),
(41, 163, 'nostrum', 'Et amet numquam veniam iure dolores iste aperiam. Voluptatibus non quis quia pariatur nemo architecto fugit. Animi excepturi dolorem itaque assumenda asperiores sit. Officiis aut sed quibusdam praesentium error ipsa.', 4, '2021-07-13 02:15:24', '2021-07-13 02:15:24'),
(42, 69, 'quia', 'Eum voluptatibus ipsam voluptate. Nam nesciunt consectetur facilis sit repellat voluptas qui. Aut tenetur occaecati dicta voluptatem dolores velit maiores. Consectetur nemo non distinctio voluptates et rem doloribus.', 5, '2021-07-13 02:15:24', '2021-07-13 02:15:24'),
(43, 164, 'ut', 'Voluptatum et quo id est qui odio. Eveniet blanditiis aliquam in exercitationem consequatur illo. Magni libero tempora nulla libero. Soluta autem sapiente provident impedit.', 1, '2021-07-13 02:15:24', '2021-07-13 02:15:24'),
(44, 153, 'soluta', 'Quo aut amet quis praesentium. Qui laborum unde voluptatibus nobis ducimus neque. Dolorem in earum dignissimos adipisci.', 3, '2021-07-13 02:15:24', '2021-07-13 02:15:24'),
(45, 151, 'porro', 'Velit animi odio eius perferendis iusto. Id molestiae aliquam velit odit impedit. Eos id iusto illum corporis pariatur quia. Ipsam quisquam qui delectus voluptatem.', 1, '2021-07-13 02:15:24', '2021-07-13 02:15:24'),
(46, 141, 'repellat', 'Necessitatibus reiciendis consequatur minus est. Cumque earum repellat corporis ipsam natus. Veniam non doloribus nobis provident. Voluptate odit doloribus velit quis.', 4, '2021-07-13 02:15:24', '2021-07-13 02:15:24'),
(47, 171, 'nihil', 'Voluptatem aut aut rerum amet. Quod nobis qui natus totam voluptatem enim. Ea blanditiis est fuga rerum sed praesentium in.', 0, '2021-07-13 02:15:24', '2021-07-13 02:15:24'),
(48, 26, 'aliquid', 'Et ipsa consequatur omnis et accusamus et rerum. Aliquam fuga maiores laboriosam tenetur. Reiciendis nesciunt ipsam molestiae. Iure in maxime deserunt assumenda veritatis.', 0, '2021-07-13 02:15:24', '2021-07-13 02:15:24'),
(49, 138, 'quia', 'Laudantium culpa est accusamus voluptas sequi dignissimos eum. Praesentium omnis et tempora quae et qui officiis recusandae.', 3, '2021-07-13 02:15:24', '2021-07-13 02:15:24'),
(50, 46, 'amet', 'Aut voluptatibus dolor velit cum repellendus adipisci. Dolor dolor provident asperiores incidunt corporis. Vitae quia qui dolores dolores molestiae exercitationem molestiae aspernatur.', 0, '2021-07-13 02:15:24', '2021-07-13 02:15:24'),
(51, 148, 'corrupti', 'Est repellat quia id et qui dicta. In dolorem vero fugiat iure similique modi. Pariatur officiis placeat dicta libero temporibus rerum dolor. Impedit rerum veniam voluptatum itaque. Hic culpa quos natus vitae velit.', 1, '2021-07-13 02:15:24', '2021-07-13 02:15:24'),
(52, 36, 'ea', 'Aut quos maxime repellat ipsum voluptates. Numquam ex debitis molestiae beatae eos et voluptate. Possimus omnis qui occaecati dolore. Aut odio adipisci est unde.', 0, '2021-07-13 02:15:24', '2021-07-13 02:15:24'),
(53, 194, 'temporibus', 'Quaerat ullam omnis reiciendis laborum ducimus. Reiciendis cumque maxime dolorum non autem saepe ut. Earum omnis expedita et dolorum debitis aspernatur quo corporis.', 5, '2021-07-13 02:15:24', '2021-07-13 02:15:24'),
(54, 111, 'maiores', 'Accusamus aut sit qui cum culpa ut. Sunt qui sint non. Aperiam consequatur error porro rerum magnam sequi voluptate.', 2, '2021-07-13 02:15:24', '2021-07-13 02:15:24'),
(55, 80, 'vel', 'Praesentium sint aut consequatur sed quo. Repellendus quaerat libero et ut nulla. Tempora cum non eum soluta iste.', 2, '2021-07-13 02:15:24', '2021-07-13 02:15:24'),
(56, 7, 'voluptatibus', 'Et est temporibus nulla provident sit rem. Possimus saepe vel voluptate omnis. Nesciunt expedita nesciunt corporis ut architecto.', 5, '2021-07-13 02:15:25', '2021-07-13 02:15:25'),
(57, 56, 'quae', 'Sit distinctio cupiditate ut laborum est occaecati possimus. Totam illo nesciunt est in ad. Sit cum rerum placeat quia odio.', 3, '2021-07-13 02:15:25', '2021-07-13 02:15:25'),
(58, 18, 'est', 'Quo consequatur deleniti suscipit. Voluptatem nihil voluptas aut itaque quidem adipisci eaque. Dolores impedit quis dolorem non est suscipit asperiores.', 3, '2021-07-13 02:15:25', '2021-07-13 02:15:25'),
(59, 14, 'doloribus', 'Dolorem voluptates accusamus eligendi ut sint vitae. Rem quod nulla pariatur ut laboriosam voluptate ut. Sint aut molestiae ratione voluptatem minus.', 1, '2021-07-13 02:15:25', '2021-07-13 02:15:25'),
(60, 117, 'laborum', 'Vero voluptatem modi soluta est occaecati. Sed ab esse dolores reiciendis id. Numquam sint eum dignissimos voluptates explicabo est. Ratione est quia neque rerum.', 0, '2021-07-13 02:15:25', '2021-07-13 02:15:25'),
(61, 6, 'blanditiis', 'Odit qui accusamus aspernatur. Et porro sint quaerat dolore. Ut id sequi nemo atque eligendi fuga libero.', 1, '2021-07-13 02:15:25', '2021-07-13 02:15:25'),
(62, 62, 'dolor', 'Eius sed eos consequatur maiores ut sit. Deserunt quisquam sint nulla reiciendis quaerat est tenetur iure. Est voluptatibus doloremque sequi molestias deleniti. Maiores numquam et odio eveniet aut excepturi.', 4, '2021-07-13 02:15:25', '2021-07-13 02:15:25'),
(63, 14, 'nulla', 'Dolorem esse aut exercitationem qui quia accusantium. Voluptate rerum earum aliquid placeat perferendis. Vero consequatur et nobis distinctio omnis. Iste qui eum vel quis est voluptatibus.', 2, '2021-07-13 02:15:25', '2021-07-13 02:15:25'),
(64, 168, 'occaecati', 'Aut consequuntur quia commodi similique sit et. Illo nemo quia nemo illum et adipisci hic. Nesciunt et rerum in quisquam.', 1, '2021-07-13 02:15:25', '2021-07-13 02:15:25'),
(65, 158, 'inventore', 'At nisi illo voluptas ab qui. Omnis et unde aut incidunt. Quia perspiciatis quia voluptate sit natus.', 5, '2021-07-13 02:15:25', '2021-07-13 02:15:25'),
(66, 130, 'fuga', 'Impedit qui at et fugit eos quia. Ut tempore eveniet unde sit omnis. Dolore ut ut consequatur consequatur.', 3, '2021-07-13 02:15:25', '2021-07-13 02:15:25'),
(67, 144, 'fugit', 'Saepe voluptas est dolorum quaerat exercitationem qui dignissimos impedit. Dignissimos alias omnis adipisci animi enim. Ipsam in esse adipisci laboriosam quam.', 3, '2021-07-13 02:15:25', '2021-07-13 02:15:25'),
(68, 32, 'et', 'Perspiciatis accusamus quia saepe atque distinctio molestias. Illo quidem voluptatum laboriosam reprehenderit libero molestiae molestias perspiciatis. Autem et occaecati est.', 1, '2021-07-13 02:15:25', '2021-07-13 02:15:25'),
(69, 33, 'iusto', 'Ut quam vitae quasi non soluta. Saepe voluptatem ipsum distinctio tenetur. Neque sed cupiditate excepturi nihil enim fugiat alias commodi.', 4, '2021-07-13 02:15:25', '2021-07-13 02:15:25'),
(70, 179, 'rerum', 'Omnis ut autem et consequatur dolorem dolor laborum. Aut et et labore fugit pariatur temporibus voluptas.', 3, '2021-07-13 02:15:25', '2021-07-13 02:15:25'),
(71, 142, 'adipisci', 'Ipsa et ut illo. Consequatur voluptatibus quaerat reprehenderit sequi. Voluptate consequatur aut consequatur ut sed eaque. Eligendi id laboriosam quis aliquid.', 3, '2021-07-13 02:15:25', '2021-07-13 02:15:25'),
(72, 44, 'magnam', 'Ducimus est perspiciatis rem laudantium ut omnis et et. Vel ab ipsam quaerat illo ea qui. Quos libero autem et sequi tempore. Accusamus inventore quia sunt iure ea. Reiciendis natus maxime architecto.', 3, '2021-07-13 02:15:25', '2021-07-13 02:15:25'),
(73, 38, 'eaque', 'Occaecati occaecati rem consequatur. Optio fugit reprehenderit et itaque debitis. Quidem ex consequatur culpa est placeat.', 2, '2021-07-13 02:15:25', '2021-07-13 02:15:25'),
(74, 67, 'in', 'Consectetur eos nulla deserunt ducimus a perferendis mollitia. Cumque iste mollitia voluptas optio eius minima voluptas. Et suscipit quod maiores fugiat. Iure fugiat blanditiis dolorem sit occaecati nobis numquam.', 1, '2021-07-13 02:15:25', '2021-07-13 02:15:25'),
(75, 95, 'ab', 'Quidem praesentium odio rerum officia. Iste rerum deleniti perferendis autem ut. Ut voluptatem magni earum voluptas autem voluptas. Commodi iusto sint consectetur voluptates molestiae reprehenderit.', 4, '2021-07-13 02:15:25', '2021-07-13 02:15:25'),
(76, 108, 'consectetur', 'Dolore dolore quis neque occaecati magnam non labore voluptatem. Ratione consectetur molestias dolore aut dolores voluptatem.', 1, '2021-07-13 02:15:25', '2021-07-13 02:15:25'),
(77, 14, 'optio', 'Assumenda aliquam adipisci temporibus quia dolores tempora similique. Ut sequi repellat sed iure qui dolore assumenda. Maxime explicabo quos et qui. Aperiam voluptatibus perspiciatis optio illum.', 0, '2021-07-13 02:15:25', '2021-07-13 02:15:25'),
(78, 84, 'numquam', 'Vel ut dolor vitae officia nam modi corporis. Asperiores et suscipit commodi quia accusamus quia at repellat. Aut placeat fuga tenetur illo non alias corrupti aut.', 1, '2021-07-13 02:15:25', '2021-07-13 02:15:25'),
(79, 138, 'inventore', 'Ut iste nihil fugiat accusantium. Voluptate eos ducimus enim aut et eos. Id qui facilis fugit omnis.', 4, '2021-07-13 02:15:25', '2021-07-13 02:15:25'),
(80, 101, 'at', 'Voluptatem voluptas aut qui minus nesciunt. Et ipsum soluta fugit blanditiis est sunt perspiciatis. Natus ipsam iure dolor.', 2, '2021-07-13 02:15:25', '2021-07-13 02:15:25'),
(81, 26, 'cumque', 'Est tenetur minus autem. Laudantium aperiam ut et dolores ex quae ea magni. Aliquam cupiditate laudantium nostrum voluptate veniam odio. Eum et est est at hic. Non dolorem recusandae aut rem porro.', 5, '2021-07-13 02:15:25', '2021-07-13 02:15:25'),
(82, 8, 'ut', 'Quasi recusandae aperiam enim est quas. Eius et quaerat beatae sed. Velit veniam tempora modi officia repellat sed rerum.', 0, '2021-07-13 02:15:25', '2021-07-13 02:15:25'),
(83, 178, 'nam', 'Eligendi et recusandae et temporibus libero dicta velit quis. Aperiam aut pariatur vel omnis laudantium unde qui.', 0, '2021-07-13 02:15:25', '2021-07-13 02:15:25'),
(84, 189, 'labore', 'Quam quis non accusantium consequatur. Temporibus incidunt est doloribus harum iure aut deserunt. Iusto eius nihil in laborum vel rerum rerum at.', 5, '2021-07-13 02:15:25', '2021-07-13 02:15:25'),
(85, 117, 'rerum', 'Quidem accusantium qui debitis inventore sequi. Deserunt facere quas odio rerum itaque ipsum non omnis. Architecto quam repudiandae adipisci pariatur dignissimos beatae maiores excepturi. Itaque pariatur quos ea quis cum impedit deleniti. Eaque delectus sit vel quidem eum tempore.', 0, '2021-07-13 02:15:26', '2021-07-13 02:15:26'),
(86, 142, 'est', 'Occaecati vitae facere repellendus perspiciatis. Ut placeat quia ea sint non commodi ut. Voluptatem voluptatibus voluptatum rem eos.', 3, '2021-07-13 02:15:26', '2021-07-13 02:15:26'),
(87, 193, 'neque', 'Ipsa qui quia qui ducimus iste quasi maiores. Quae dignissimos et nam. Possimus praesentium sit eaque autem modi quia et.', 1, '2021-07-13 02:15:26', '2021-07-13 02:15:26'),
(88, 95, 'provident', 'Voluptatem fugiat dolores excepturi rerum molestias. Numquam praesentium at rerum velit quis quibusdam. Fugiat tenetur est molestiae libero non enim. Animi deleniti consectetur non tempore.', 4, '2021-07-13 02:15:26', '2021-07-13 02:15:26'),
(89, 71, 'dolores', 'Nisi consectetur quos tempora necessitatibus sit. Voluptate perspiciatis et facere quia illo. Ut corporis assumenda illum rerum quo sint. Voluptatibus quaerat maiores a.', 4, '2021-07-13 02:15:26', '2021-07-13 02:15:26'),
(90, 181, 'consequatur', 'Sunt mollitia eos reprehenderit laborum. Est magnam consequatur fugit amet in molestias consequatur autem. Harum quam animi sunt natus et vel. Eum mollitia quo qui voluptas est qui. Debitis qui laboriosam doloribus quos repellat.', 0, '2021-07-13 02:15:26', '2021-07-13 02:15:26'),
(91, 67, 'veniam', 'Esse rerum voluptatem harum tempore. Distinctio dolorum sed quo et vel. Provident eaque est sed eos dolor sequi fugiat. Voluptas natus voluptate commodi. Ea id doloribus quas est quia quo.', 1, '2021-07-13 02:15:26', '2021-07-13 02:15:26'),
(92, 118, 'ex', 'Modi ipsam facere deserunt. Aut magni et qui aut commodi animi molestiae. Dolor excepturi dolores dolores nobis et ea ratione.', 2, '2021-07-13 02:15:26', '2021-07-13 02:15:26'),
(93, 57, 'eaque', 'Assumenda consequatur aspernatur vitae facilis quis qui. Cupiditate amet ipsa atque beatae quas nesciunt harum. Deserunt impedit quam ducimus laboriosam.', 1, '2021-07-13 02:15:26', '2021-07-13 02:15:26'),
(94, 41, 'quia', 'Corrupti molestiae tempora aut ut vitae dolores veritatis libero. Debitis dolores ex et eum doloribus. Reiciendis omnis tenetur assumenda velit aut. Aliquam magni esse labore sunt dolorum qui.', 0, '2021-07-13 02:15:26', '2021-07-13 02:15:26'),
(95, 39, 'quia', 'Qui qui laudantium et impedit. Ut inventore qui temporibus reiciendis blanditiis. Magni adipisci ipsa quis aut exercitationem deserunt ipsa.', 4, '2021-07-13 02:15:26', '2021-07-13 02:15:26'),
(96, 168, 'occaecati', 'Animi odit non exercitationem iste. Enim voluptatem non aut nesciunt quisquam. Eveniet facere aut iure laborum repellat praesentium.', 2, '2021-07-13 02:15:26', '2021-07-13 02:15:26'),
(97, 37, 'nobis', 'Et voluptatem nisi ratione tempore earum. Eius quis quos magni iusto. Vel et facere excepturi deleniti rerum voluptatibus quia consequuntur.', 4, '2021-07-13 02:15:26', '2021-07-13 02:15:26'),
(98, 49, 'similique', 'Et nulla sunt doloribus. Quidem delectus consequuntur modi non. Officia dicta quia rerum est doloribus nisi omnis.', 2, '2021-07-13 02:15:26', '2021-07-13 02:15:26'),
(99, 191, 'delectus', 'Laboriosam corrupti et quod. Sint facere quasi placeat est possimus vel. Modi tenetur laborum nesciunt aut placeat quia. Porro rem ipsa reprehenderit deserunt eum eligendi quos.', 3, '2021-07-13 02:15:26', '2021-07-13 02:15:26'),
(100, 191, 'dolorum', 'Voluptatem veniam nihil natus itaque et vel eaque blanditiis. Earum tenetur in consequatur sed necessitatibus. Reiciendis quae quia deserunt eos ea. Esse nesciunt et saepe mollitia et accusamus. Ipsam in qui impedit odit.', 2, '2021-07-13 02:15:26', '2021-07-13 02:15:26'),
(101, 35, 'animi', 'Sapiente hic animi deleniti non eum. Quibusdam sint aliquid omnis expedita adipisci quam asperiores vitae. Natus quia quidem veritatis.', 3, '2021-07-13 02:15:26', '2021-07-13 02:15:26'),
(102, 135, 'vero', 'Possimus facere unde doloremque qui libero similique accusantium. Velit nihil ullam sunt dolor provident qui reiciendis. Eveniet consequatur sunt qui qui ducimus iste.', 2, '2021-07-13 02:15:26', '2021-07-13 02:15:26'),
(103, 86, 'placeat', 'Quidem veniam ullam ipsum corrupti qui. Aliquid nisi enim impedit. Doloremque totam sunt illum exercitationem voluptatem dolores ab voluptatibus. Ad molestias ea eius quos recusandae voluptatibus.', 1, '2021-07-13 02:15:26', '2021-07-13 02:15:26'),
(104, 29, 'molestiae', 'Ullam placeat recusandae incidunt illum rerum sed nemo. Saepe sunt beatae repellat iste. Dicta quaerat animi saepe possimus possimus et distinctio. Quia inventore non aut voluptates.', 0, '2021-07-13 02:15:26', '2021-07-13 02:15:26'),
(105, 171, 'laboriosam', 'Aut possimus architecto maiores sed aut. Earum unde ut consequuntur sapiente. Ut reiciendis sed repudiandae perspiciatis recusandae id unde.', 1, '2021-07-13 02:15:26', '2021-07-13 02:15:26'),
(106, 137, 'vero', 'Quaerat recusandae eius nam neque quos possimus magnam. Sapiente illum ipsum distinctio quae atque quo officia qui. Ad vel eum similique necessitatibus quam dolores dolores quo.', 3, '2021-07-13 02:15:26', '2021-07-13 02:15:26'),
(107, 170, 'et', 'Deleniti et autem adipisci facilis nam. Expedita ducimus quidem voluptatem. Error neque libero id harum eaque sed iusto omnis.', 0, '2021-07-13 02:15:26', '2021-07-13 02:15:26'),
(108, 5, 'id', 'Autem dolores sit est. Dolor provident aspernatur laudantium dolore unde. Quo non quam sapiente odio eaque assumenda.', 2, '2021-07-13 02:15:26', '2021-07-13 02:15:26'),
(109, 61, 'eveniet', 'Eius voluptatum vel hic dolores omnis sed id quo. Quia facilis qui sit modi voluptas qui. Eum quo sapiente eos laudantium quisquam et.', 1, '2021-07-13 02:15:27', '2021-07-13 02:15:27'),
(110, 156, 'quae', 'Natus dolore magni doloremque et similique quo. Ea enim dolor deserunt sed sunt totam enim dolores. Qui repellat ut animi consequuntur.', 0, '2021-07-13 02:15:27', '2021-07-13 02:15:27'),
(111, 29, 'aperiam', 'Exercitationem perspiciatis magni corrupti blanditiis deserunt saepe ipsum. Modi id necessitatibus aut nulla maiores officia omnis. Et recusandae aut quia qui veritatis non. Accusamus accusamus iusto est animi atque.', 3, '2021-07-13 02:15:27', '2021-07-13 02:15:27'),
(112, 87, 'sunt', 'Fugiat amet atque itaque vel est. Id fuga dolorum quam ea. Delectus ullam totam sed sunt. Reprehenderit eaque sed aliquid.', 1, '2021-07-13 02:15:27', '2021-07-13 02:15:27'),
(113, 145, 'magni', 'Ad quia libero quae dignissimos. Maiores et dolores ipsum rerum. Repudiandae sunt facilis sed quo. Dolores iste culpa ea qui error minima.', 4, '2021-07-13 02:15:27', '2021-07-13 02:15:27'),
(114, 104, 'autem', 'Ratione unde reiciendis impedit dolor sunt earum eos. Numquam sed dolore sit ex voluptate rem cumque doloribus. Libero numquam quo sit quaerat nesciunt vitae.', 1, '2021-07-13 02:15:27', '2021-07-13 02:15:27'),
(115, 192, 'id', 'Ut eos totam dolor voluptatem. Quas quasi ipsam aperiam amet ratione distinctio. Impedit placeat molestiae nemo in. Delectus voluptatem excepturi dolores qui omnis molestiae.', 5, '2021-07-13 02:15:27', '2021-07-13 02:15:27'),
(116, 158, 'optio', 'Ducimus porro qui eos a. Recusandae cupiditate aut harum omnis quis. Corporis qui corporis et eum velit. Porro et facere quia inventore.', 0, '2021-07-13 02:15:27', '2021-07-13 02:15:27'),
(117, 12, 'voluptas', 'Itaque perspiciatis quae ut vel est voluptas repellat. Dolorem nemo cumque vero placeat sunt. Similique illo quia sapiente quia modi aut. Dicta dolor et in.', 1, '2021-07-13 02:15:27', '2021-07-13 02:15:27'),
(118, 112, 'ea', 'Vero aut aut alias vel officiis. Et ut modi tempore vero. Et sit voluptas dolorum corporis qui. Impedit ut cum et ipsum dicta delectus dicta repellat.', 2, '2021-07-13 02:15:27', '2021-07-13 02:15:27'),
(119, 38, 'minus', 'Quia tempora laborum possimus. Corrupti labore eos eum quis sint nobis. Rerum non tenetur perferendis voluptatum neque consequatur nam aperiam.', 5, '2021-07-13 02:15:27', '2021-07-13 02:15:27'),
(120, 28, 'sit', 'Omnis rerum laborum tempora aliquid sapiente magnam. Non vel voluptas voluptatem quos qui quibusdam. Temporibus consequatur rem odit rerum fugiat. Nihil et aut quasi.', 2, '2021-07-13 02:15:27', '2021-07-13 02:15:27'),
(121, 148, 'aut', 'Sunt ut asperiores maxime doloribus. Et porro beatae ea ullam numquam. Non dolorem ut odio nemo ullam omnis. Nobis tempore optio saepe corrupti eos est.', 2, '2021-07-13 02:15:27', '2021-07-13 02:15:27'),
(122, 200, 'error', 'Velit quos hic reprehenderit nihil vero odio et. Eligendi dolorem sed voluptatibus recusandae porro alias similique voluptates. Facere dignissimos et culpa sunt. Cum laudantium assumenda illum earum voluptatem numquam.', 5, '2021-07-13 02:15:27', '2021-07-13 02:15:27'),
(123, 20, 'sunt', 'Eaque id sit ut reiciendis. Repudiandae provident distinctio fuga accusantium aliquam.', 0, '2021-07-13 02:15:27', '2021-07-13 02:15:27'),
(124, 63, 'aut', 'Dicta et alias nihil molestias. Consequuntur similique repudiandae placeat sint. Sapiente voluptas quod laborum ut veritatis non vel.', 2, '2021-07-13 02:15:27', '2021-07-13 02:15:27'),
(125, 42, 'soluta', 'Voluptatum assumenda quam voluptatum et illum provident ut. Saepe quod sapiente deleniti distinctio occaecati id. Harum suscipit a soluta rerum eos. Ad modi aperiam quaerat similique quos velit doloremque.', 1, '2021-07-13 02:15:27', '2021-07-13 02:15:27'),
(126, 92, 'autem', 'Nulla sint officiis ducimus consectetur vitae eos. Voluptas qui et ut incidunt ut voluptates. Aut explicabo et dignissimos sunt.', 3, '2021-07-13 02:15:27', '2021-07-13 02:15:27'),
(127, 108, 'aperiam', 'Recusandae qui voluptatem hic dolores earum omnis itaque nostrum. Dolore ab cupiditate eum. Consequatur est eum laborum sit. Accusamus et vel unde quis ut deleniti omnis.', 3, '2021-07-13 02:15:27', '2021-07-13 02:15:27'),
(128, 98, 'necessitatibus', 'A enim enim dolorem nesciunt. Debitis temporibus labore velit et reprehenderit. Neque suscipit amet iusto est.', 4, '2021-07-13 02:15:27', '2021-07-13 02:15:27'),
(129, 46, 'incidunt', 'Ea nostrum sapiente non. Aperiam explicabo voluptate sapiente qui cumque. Rem unde repellendus neque delectus.', 2, '2021-07-13 02:15:27', '2021-07-13 02:15:27'),
(130, 53, 'vel', 'Voluptas laudantium officia voluptatibus et beatae delectus itaque. Cum itaque ad et hic nihil. Necessitatibus tempore tempora id qui vero corporis.', 1, '2021-07-13 02:15:27', '2021-07-13 02:15:27'),
(131, 150, 'explicabo', 'Voluptates ut est voluptatibus quia culpa consequuntur. Nisi ducimus ab nostrum assumenda cupiditate voluptatum.', 3, '2021-07-13 02:15:27', '2021-07-13 02:15:27'),
(132, 144, 'ea', 'Assumenda voluptas repellat vel harum non. Iste sapiente ea enim. Architecto odio in id sapiente aut expedita.', 3, '2021-07-13 02:15:27', '2021-07-13 02:15:27'),
(133, 161, 'dolores', 'Et dolore dolor est perferendis voluptatem et illo. Odio est aut non aspernatur voluptas. Aut atque ipsa ex ex et veniam laudantium tenetur. Voluptatem cupiditate ea dolor est.', 3, '2021-07-13 02:15:27', '2021-07-13 02:15:27'),
(134, 181, 'nostrum', 'Placeat voluptatibus aut officia laboriosam beatae. Neque veniam non voluptates laudantium impedit iusto perspiciatis. Sint adipisci maxime quo fugit quibusdam explicabo maiores.', 1, '2021-07-13 02:15:27', '2021-07-13 02:15:27'),
(135, 115, 'id', 'Aliquam in sunt porro sed dolorem velit cupiditate. Explicabo recusandae porro ipsum sunt voluptatem. Vitae et quibusdam soluta nobis sed et officiis et. Saepe et aspernatur quia maiores eaque blanditiis quae. Et consequatur qui dolore repellat facere voluptatem natus.', 0, '2021-07-13 02:15:27', '2021-07-13 02:15:27'),
(136, 195, 'est', 'Praesentium consequatur et qui corrupti. Non officiis qui fugit. Architecto expedita illum non est voluptatibus tempore. Magnam reprehenderit neque ut sed molestias. Quaerat accusamus beatae sit saepe possimus reiciendis tempora.', 5, '2021-07-13 02:15:27', '2021-07-13 02:15:27'),
(137, 15, 'temporibus', 'Cumque sunt vel dolor hic laborum. Quae rerum molestiae delectus rerum. Porro quisquam aut est harum. Ab ab ea tenetur aut nihil ab temporibus.', 4, '2021-07-13 02:15:27', '2021-07-13 02:15:27'),
(138, 50, 'odio', 'Blanditiis inventore consequatur facilis omnis ut amet unde. Eos quia qui eveniet odit id. Possimus dolorem debitis eligendi rerum vero molestiae odit.', 4, '2021-07-13 02:15:28', '2021-07-13 02:15:28'),
(139, 82, 'fugiat', 'Voluptatum neque ut rerum quam incidunt expedita. Iste est occaecati magnam atque. Odio distinctio praesentium deserunt aliquid atque nulla. Qui ad et architecto.', 0, '2021-07-13 02:15:28', '2021-07-13 02:15:28'),
(140, 134, 'esse', 'Voluptatem nemo dicta delectus et qui dolores dolores qui. Quisquam voluptatem ut enim illo est nihil. Voluptatem dolorem quos ipsam rerum quae ipsa.', 0, '2021-07-13 02:15:28', '2021-07-13 02:15:28'),
(141, 145, 'et', 'Dolore enim quis aspernatur id expedita. Cum rem inventore eius ut facilis. Est magni rem cumque debitis. Nostrum et dolor quasi ducimus est aut.', 1, '2021-07-13 02:15:28', '2021-07-13 02:15:28'),
(142, 25, 'cumque', 'Ut corrupti aperiam facere tenetur ipsum occaecati veritatis. Esse et architecto molestias nostrum minus tempore ut. Voluptatibus maxime veniam id iusto.', 3, '2021-07-13 02:15:28', '2021-07-13 02:15:28'),
(143, 91, 'odit', 'Nisi ab tenetur similique qui perspiciatis odio quaerat. Voluptatem illum vitae dolores consequatur. Accusamus amet eos mollitia voluptas iure sit. Voluptatem voluptatem aperiam in quis.', 0, '2021-07-13 02:15:28', '2021-07-13 02:15:28'),
(144, 190, 'voluptas', 'Neque blanditiis facere amet eligendi quae. Veniam ut aut soluta asperiores velit sapiente optio. Unde aut error aliquid vel. Ut aut et quia minima dolor.', 5, '2021-07-13 02:15:28', '2021-07-13 02:15:28'),
(145, 90, 'veritatis', 'Illum voluptatem accusamus cumque tempore alias vel fugit laudantium. Numquam nihil temporibus nulla atque rem. Commodi aut pariatur consequatur ad id libero. Sint quis nobis sed blanditiis aut harum fugiat inventore.', 0, '2021-07-13 02:15:28', '2021-07-13 02:15:28'),
(146, 93, 'iusto', 'Sint omnis unde quia reprehenderit eos magni earum. Numquam dolor occaecati qui tenetur nemo. Qui unde laboriosam rerum nam est.', 0, '2021-07-13 02:15:28', '2021-07-13 02:15:28'),
(147, 3, 'deleniti', 'Cupiditate quidem in dicta sunt. Voluptas molestiae possimus quaerat nam. Fuga quaerat enim ab sed nobis. Incidunt consequuntur repudiandae repellendus. Occaecati atque sint atque omnis molestiae eum pariatur.', 4, '2021-07-13 02:15:28', '2021-07-13 02:15:28'),
(148, 190, 'eum', 'Rerum eaque error excepturi repellat neque consequatur non nam. Sit et perspiciatis tempora dolorem fugit rerum et. Ea quibusdam aliquid non fuga hic culpa repellat. Dignissimos cumque labore corporis aliquid sed eveniet provident.', 3, '2021-07-13 02:15:28', '2021-07-13 02:15:28'),
(149, 130, 'quo', 'Eligendi voluptas beatae repudiandae id. Illo voluptas vel ullam in recusandae et. Accusamus veritatis quaerat iure corporis aperiam eligendi perspiciatis.', 0, '2021-07-13 02:15:28', '2021-07-13 02:15:28'),
(150, 178, 'minima', 'Qui dignissimos earum qui qui. Vel aut velit voluptatibus dolore saepe omnis aut soluta. Nulla est eligendi quasi ut voluptatum facilis qui. Quidem non eum aliquam qui enim.', 0, '2021-07-13 02:15:28', '2021-07-13 02:15:28'),
(151, 169, 'sequi', 'Minima omnis ex ullam iure cupiditate. Molestiae magni soluta et sit. Et esse odit non aut. A mollitia sed unde dolor.', 5, '2021-07-13 02:15:28', '2021-07-13 02:15:28'),
(152, 46, 'nostrum', 'Delectus possimus voluptatem cupiditate. Delectus eos expedita inventore qui. Velit voluptas quia aspernatur in possimus eum illum. Nemo dolor a vero.', 1, '2021-07-13 02:15:28', '2021-07-13 02:15:28'),
(153, 44, 'nobis', 'Aliquam debitis veritatis minima voluptate. Nemo est quo cum animi quia ex.', 5, '2021-07-13 02:15:28', '2021-07-13 02:15:28'),
(154, 85, 'hic', 'Iure eius omnis aut nisi tenetur placeat. In dolor libero velit blanditiis.', 5, '2021-07-13 02:15:28', '2021-07-13 02:15:28'),
(155, 104, 'voluptatem', 'Autem possimus eos eligendi aspernatur rerum quas quia quaerat. Suscipit sunt dolorum error qui. Et magni cupiditate occaecati delectus. Exercitationem quia ullam sit esse rerum. Repellendus nihil veritatis ducimus id.', 0, '2021-07-13 02:15:28', '2021-07-13 02:15:28'),
(156, 164, 'eum', 'Sit et quaerat dolorem voluptates eum. Eos et fuga et deserunt eos repellat natus. Sit nulla repellendus officiis mollitia. Est fugiat molestiae magni adipisci numquam.', 4, '2021-07-13 02:15:28', '2021-07-13 02:15:28'),
(157, 33, 'soluta', 'Doloribus vel suscipit doloribus doloremque maiores aut. Molestiae corrupti modi aut facilis. Sit sed voluptas eos vitae ea molestias. Ut perspiciatis voluptatem quod ut blanditiis quas laboriosam.', 0, '2021-07-13 02:15:28', '2021-07-13 02:15:28'),
(158, 70, 'impedit', 'Quia quo adipisci repellendus nisi non odit saepe. Blanditiis saepe sint et temporibus iste quidem. Porro et aut qui eius dolores velit cum. Et aut sit quisquam quae veniam quod.', 2, '2021-07-13 02:15:28', '2021-07-13 02:15:28'),
(159, 23, 'quasi', 'Voluptatem quaerat non omnis dolorem rerum. Doloremque sit ipsam ut veniam et. Alias numquam molestiae corporis laborum ad explicabo. Tenetur omnis fugiat fuga fugit.', 1, '2021-07-13 02:15:28', '2021-07-13 02:15:28'),
(160, 98, 'laudantium', 'Assumenda quae est quibusdam repellendus aliquid repellendus. Voluptas inventore optio libero consequatur modi non distinctio. Iste rerum ut qui ipsam sit nostrum sint.', 3, '2021-07-13 02:15:28', '2021-07-13 02:15:28'),
(161, 60, 'consequatur', 'Ullam ea est et aperiam optio. Quo vel ea dolorum architecto vero quasi. Corporis eum voluptate sed inventore harum atque. Temporibus consequatur rerum est aperiam.', 1, '2021-07-13 02:15:28', '2021-07-13 02:15:28'),
(162, 91, 'qui', 'Earum corrupti rerum minima. Quam consequatur vel autem. Et esse voluptatum commodi aliquid qui dignissimos deserunt.', 0, '2021-07-13 02:15:28', '2021-07-13 02:15:28'),
(163, 173, 'impedit', 'Maiores eius cumque aspernatur quo iure dolores odit sed. Ut in tenetur et quaerat molestias inventore. Repudiandae nihil ullam recusandae. Quo numquam cum voluptatem dicta iure.', 0, '2021-07-13 02:15:28', '2021-07-13 02:15:28'),
(164, 31, 'consequatur', 'Sint voluptas necessitatibus quibusdam facilis molestiae debitis ex. Deleniti delectus et consequatur sunt et pariatur. Quia voluptatum maxime ea quia laborum. Quisquam consequatur sit commodi accusamus.', 0, '2021-07-13 02:15:28', '2021-07-13 02:15:28'),
(165, 60, 'hic', 'Vel doloremque impedit numquam. Nihil ad corrupti nam exercitationem cum distinctio qui. Est ipsa dolores qui laboriosam.', 1, '2021-07-13 02:15:28', '2021-07-13 02:15:28'),
(166, 196, 'non', 'Saepe alias voluptas voluptatem qui corporis magnam. Pariatur distinctio est culpa eveniet enim. Voluptatibus officiis quia quia sit amet natus. Maiores enim et ut ut.', 2, '2021-07-13 02:15:28', '2021-07-13 02:15:28'),
(167, 71, 'architecto', 'Laudantium hic deleniti est eum dolores nisi consequatur quisquam. Ex consequatur suscipit et voluptas commodi. Ducimus iusto quis ducimus vel dignissimos quod amet.', 2, '2021-07-13 02:15:28', '2021-07-13 02:15:28'),
(168, 184, 'officia', 'Mollitia voluptatem suscipit quam dolore voluptatem. Praesentium et deserunt itaque aut repudiandae. Voluptatum itaque molestias eos aut. A quia exercitationem mollitia. In vel aut atque tempore consequatur vel ipsam.', 5, '2021-07-13 02:15:28', '2021-07-13 02:15:28'),
(169, 76, 'nam', 'Ipsum asperiores sit et ullam consectetur sunt praesentium. Consequatur id iusto qui eum. Ut quia maxime et et sed labore.', 2, '2021-07-13 02:15:28', '2021-07-13 02:15:28'),
(170, 127, 'sunt', 'Tempore dolores omnis autem quia et molestiae nemo. Cum excepturi delectus fuga omnis. Sapiente ea ex aliquid dolores vel. Assumenda beatae magnam perspiciatis doloribus fugit consequatur animi.', 5, '2021-07-13 02:15:28', '2021-07-13 02:15:28'),
(171, 168, 'consequatur', 'Et laudantium consequatur quaerat voluptas qui et. Esse iste tenetur nulla dolore sed. Voluptatem alias quo officiis est nihil architecto et.', 1, '2021-07-13 02:15:29', '2021-07-13 02:15:29'),
(172, 31, 'rerum', 'Molestiae unde consectetur enim minima doloribus magnam sit vel. Unde dicta suscipit sit possimus. Blanditiis fuga occaecati quo facere quia non explicabo. Repudiandae aut eum eius error corporis aliquid.', 4, '2021-07-13 02:15:29', '2021-07-13 02:15:29'),
(173, 11, 'nesciunt', 'Ullam eaque possimus cupiditate repellat. Quos est ex cupiditate et enim enim. Consectetur laudantium odit repellat qui ut id consequatur.', 4, '2021-07-13 02:15:29', '2021-07-13 02:15:29'),
(174, 131, 'et', 'Exercitationem itaque quia in itaque quisquam eum. Vel ullam minima doloribus quo in nostrum eos ut. Facilis est magni ipsa occaecati eos. Ut quaerat excepturi amet et.', 2, '2021-07-13 02:15:29', '2021-07-13 02:15:29'),
(175, 172, 'velit', 'Tempora non ipsam asperiores dolores cumque. Sunt officiis in cum. Mollitia quia suscipit qui est nesciunt. Incidunt enim neque voluptas omnis.', 5, '2021-07-13 02:15:29', '2021-07-13 02:15:29'),
(176, 28, 'autem', 'Ex vel repudiandae harum deserunt voluptas quo. Sed et dolorem quo quis et sint ut.', 1, '2021-07-13 02:15:29', '2021-07-13 02:15:29'),
(177, 102, 'ea', 'Soluta et exercitationem omnis voluptatem et. Facilis id iure culpa et officiis dolores. Et reiciendis dolor id numquam expedita itaque. Voluptatum voluptatem asperiores quis veniam nulla eos.', 4, '2021-07-13 02:15:29', '2021-07-13 02:15:29'),
(178, 82, 'culpa', 'Voluptatem nobis non cum minima et in et. Magni earum accusamus laborum ut aut. Voluptas modi omnis non voluptas neque.', 2, '2021-07-13 02:15:29', '2021-07-13 02:15:29'),
(179, 25, 'quis', 'Hic est et quasi aliquam enim corporis. Ut aut officia et modi molestiae laboriosam enim.', 2, '2021-07-13 02:15:29', '2021-07-13 02:15:29'),
(180, 176, 'ut', 'Sunt consequuntur qui quos accusantium. Culpa eaque enim voluptatem officiis. Eum vitae ratione quia est consectetur quos voluptas consequatur. Accusamus earum architecto et id sunt ea et.', 0, '2021-07-13 02:15:29', '2021-07-13 02:15:29'),
(181, 62, 'ad', 'Cupiditate ab consequatur quia rem qui maxime cumque. Voluptatem itaque magnam tempora. Quasi rerum vero consequatur quo non optio magni.', 2, '2021-07-13 02:15:29', '2021-07-13 02:15:29'),
(182, 140, 'quis', 'Et ratione in culpa itaque occaecati consequatur. Earum eum dolore quia nihil sed. Omnis id alias magnam in rerum beatae. Voluptatum id quae aut inventore quis voluptatibus maiores. Consequuntur qui et enim quia quos iusto.', 1, '2021-07-13 02:15:29', '2021-07-13 02:15:29'),
(183, 170, 'voluptatum', 'Iste ut id recusandae mollitia. Doloribus officia illo modi eum illo tenetur. Et quis adipisci maiores.', 0, '2021-07-13 02:15:29', '2021-07-13 02:15:29'),
(184, 80, 'magni', 'Iste corrupti sequi ea exercitationem totam hic. In eligendi dolor voluptatem sit. Sed sint quasi aut amet. Ut id aliquid quibusdam ex et dolor temporibus.', 0, '2021-07-13 02:15:29', '2021-07-13 02:15:29'),
(185, 52, 'voluptas', 'Iusto aut natus id velit quod similique voluptas magni. Quidem distinctio aut aut fuga praesentium dolore. Iste beatae libero voluptate vel quos voluptas dolorum voluptas. Deleniti iusto odit excepturi assumenda at repudiandae qui.', 0, '2021-07-13 02:15:29', '2021-07-13 02:15:29'),
(186, 189, 'eum', 'Et quo tenetur illum commodi sed nobis quo repellendus. Dolore et voluptate magnam praesentium incidunt quod. Harum et non accusamus autem qui ab. Aut ut corporis voluptas incidunt culpa.', 4, '2021-07-13 02:15:29', '2021-07-13 02:15:29'),
(187, 155, 'illo', 'Et illo et odio amet laudantium. Id eligendi rerum quibusdam consequatur eum dolores occaecati. Odio quod repudiandae consequatur ipsa repellat qui.', 4, '2021-07-13 02:15:29', '2021-07-13 02:15:29'),
(188, 94, 'laboriosam', 'Aliquam molestias a ratione amet placeat tempora corporis laborum. Voluptatem et fuga sed placeat. Et tenetur quaerat doloribus autem autem. Ab aut consequuntur non ipsa odio repellat.', 3, '2021-07-13 02:15:29', '2021-07-13 02:15:29'),
(189, 40, 'mollitia', 'Ab molestias rerum porro aut vero dolores. Repellat assumenda vero cum et autem numquam. Aut officia tempore aut accusantium eligendi nihil. Ut suscipit natus enim laudantium sunt. Rerum quo accusamus natus repellendus.', 5, '2021-07-13 02:15:29', '2021-07-13 02:15:29'),
(190, 126, 'velit', 'Tempora molestiae sunt et at. Odio sed et possimus illo qui.', 0, '2021-07-13 02:15:29', '2021-07-13 02:15:29'),
(191, 65, 'et', 'Impedit est optio ut officiis quidem. Aut facere vero praesentium dolorem sit vel. Dicta fuga eaque et optio qui nihil hic impedit.', 3, '2021-07-13 02:15:29', '2021-07-13 02:15:29'),
(192, 65, 'voluptatem', 'Iure quas velit reiciendis exercitationem omnis. Error aliquam possimus natus at saepe amet veniam. Magni quisquam aut quod et.', 3, '2021-07-13 02:15:29', '2021-07-13 02:15:29'),
(193, 52, 'doloribus', 'Illum aliquid ab fuga provident. Ipsa quia et ratione magnam provident dignissimos recusandae. Quia unde architecto minus voluptates. Voluptatem aut fugiat molestiae molestias.', 3, '2021-07-13 02:15:29', '2021-07-13 02:15:29'),
(194, 105, 'facilis', 'In vero nobis omnis rerum ut vitae. Consequatur aperiam qui iure vel nostrum id rerum.', 5, '2021-07-13 02:15:29', '2021-07-13 02:15:29'),
(195, 97, 'facere', 'Adipisci voluptatem consectetur praesentium quas. Aut quod dicta repellendus quia similique assumenda. Eaque qui et sint eveniet non eum quia tempora. Cumque perspiciatis qui qui incidunt maiores perspiciatis aut.', 2, '2021-07-13 02:15:29', '2021-07-13 02:15:29'),
(196, 84, 'sunt', 'Mollitia natus sunt ea nostrum. Ullam impedit optio nam qui reprehenderit ut tenetur. Perferendis aliquid ipsum odit ut. Explicabo et ut voluptas quibusdam quae. Esse alias rerum autem voluptatem autem fuga consequatur.', 2, '2021-07-13 02:15:30', '2021-07-13 02:15:30'),
(197, 129, 'autem', 'Corporis est unde quo odio sequi voluptas. Quas vero et sunt alias autem. Ipsa saepe et nemo dolore ducimus voluptates vel quam. Voluptas aperiam sequi et.', 4, '2021-07-13 02:15:30', '2021-07-13 02:15:30'),
(198, 185, 'et', 'Odit voluptatem adipisci aut magnam vel vero assumenda. Quae praesentium rem eius architecto quibusdam id dolores. Rerum ea ut voluptates tenetur vel.', 5, '2021-07-13 02:15:30', '2021-07-13 02:15:30'),
(199, 138, 'placeat', 'Optio optio ut hic sint quam a veritatis fugit. Et quae sapiente autem et iste assumenda illum. Nihil eos iusto necessitatibus. Numquam iusto voluptatem id.', 1, '2021-07-13 02:15:30', '2021-07-13 02:15:30'),
(200, 142, 'perspiciatis', 'Consequatur in delectus molestias odio ut eius. Incidunt earum quos saepe temporibus sequi rerum dolores quidem.', 3, '2021-07-13 02:15:30', '2021-07-13 02:15:30'),
(201, 118, 'et', 'Omnis occaecati exercitationem aut. Repellat ut et dolores. Corrupti repellendus itaque et at deserunt unde et.', 5, '2021-07-13 02:15:30', '2021-07-13 02:15:30'),
(202, 60, 'laborum', 'Quia expedita dolore ullam assumenda voluptate dignissimos a. Repellendus quo necessitatibus cupiditate id molestias enim. Facere ut inventore velit odio et tempore quae.', 2, '2021-07-13 02:15:30', '2021-07-13 02:15:30'),
(203, 33, 'quaerat', 'Tenetur sunt repudiandae velit consectetur voluptas dolores delectus. Perspiciatis dolores id vel assumenda itaque sed. Itaque sunt ut explicabo soluta. Beatae consectetur in nisi adipisci vel aut quas consequatur.', 2, '2021-07-13 02:15:30', '2021-07-13 02:15:30'),
(204, 13, 'non', 'Excepturi deserunt perferendis asperiores quaerat distinctio perspiciatis. Eos rerum praesentium eius tenetur ipsam neque et. Eius iste unde ut voluptatem tenetur in.', 4, '2021-07-13 02:15:30', '2021-07-13 02:15:30'),
(205, 77, 'dignissimos', 'Officiis at quo dicta aut aperiam. Sed voluptate quo harum sint nobis eos dolorem tempora. Accusamus iure tempora ipsum nam amet laudantium reprehenderit.', 1, '2021-07-13 02:15:30', '2021-07-13 02:15:30'),
(206, 163, 'unde', 'Soluta beatae at dolorem ratione error at odit. Reprehenderit cum nobis explicabo eum laboriosam porro. Similique id et necessitatibus nobis consequuntur ex voluptatem.', 4, '2021-07-13 02:15:30', '2021-07-13 02:15:30'),
(207, 131, 'officia', 'Ex ut iste pariatur recusandae omnis nemo ipsum. Dicta dolores repudiandae similique dolorem. Aliquam ut error vero facere.', 0, '2021-07-13 02:15:30', '2021-07-13 02:15:30'),
(208, 80, 'quia', 'Non id sint eveniet aut maxime. Dignissimos architecto est tempora labore.', 5, '2021-07-13 02:15:30', '2021-07-13 02:15:30'),
(209, 102, 'eos', 'Debitis rerum vitae culpa quo excepturi odio. Incidunt quis repellat ea eos illum dolores est dolores. Officia ipsum sint voluptas qui molestias.', 3, '2021-07-13 02:15:30', '2021-07-13 02:15:30'),
(210, 123, 'et', 'Nemo voluptatibus labore nam ut debitis. Nihil neque velit similique voluptates. Aut sunt iure libero asperiores fugiat ipsa.', 5, '2021-07-13 02:15:30', '2021-07-13 02:15:30'),
(211, 79, 'molestiae', 'Quisquam dolores ut sint. Quis et occaecati et officiis porro placeat sint. Quidem sed voluptatem quos aut.', 5, '2021-07-13 02:15:30', '2021-07-13 02:15:30'),
(212, 50, 'dolores', 'Iste dolor aut a nemo. Aut consequatur voluptatum repellat odit consectetur possimus. Facere et aut rerum nesciunt. Itaque in repudiandae sit est architecto.', 0, '2021-07-13 02:15:30', '2021-07-13 02:15:30'),
(213, 35, 'vel', 'Qui est aut quis autem veniam. A ad deserunt itaque quod voluptatum. Ipsum est eum et accusantium placeat aut.', 0, '2021-07-13 02:15:30', '2021-07-13 02:15:30'),
(214, 81, 'amet', 'Fugit voluptates quas ipsum laborum. Vero et cupiditate et aut. Doloremque necessitatibus repudiandae earum molestiae iusto rerum. Consequatur voluptatibus eligendi expedita velit voluptatem. Laborum ad quo est ullam dolore magnam sunt.', 1, '2021-07-13 02:15:30', '2021-07-13 02:15:30'),
(215, 82, 'consequatur', 'Qui quia itaque error nesciunt qui et. Quaerat qui pariatur voluptas eum voluptate reiciendis. Sit ab eaque animi mollitia. Praesentium fuga id ea commodi saepe officia quia.', 0, '2021-07-13 02:15:30', '2021-07-13 02:15:30'),
(216, 34, 'exercitationem', 'Illo fuga corrupti qui qui similique officiis rerum harum. Dolorem ut cupiditate dolorum temporibus architecto eligendi quos est. Sunt aliquid qui eos sapiente sint.', 5, '2021-07-13 02:15:30', '2021-07-13 02:15:30'),
(217, 198, 'quidem', 'At ut consequuntur non aut dolores repudiandae velit. Temporibus explicabo nihil ea et ut et non. Rerum sed ex voluptatem est aut. Aliquam est ad dignissimos similique atque vitae eos.', 2, '2021-07-13 02:15:30', '2021-07-13 02:15:30');
INSERT INTO `reviews` (`id`, `product_id`, `customer`, `review`, `star`, `created_at`, `updated_at`) VALUES
(218, 103, 'error', 'Esse amet eaque quae sit saepe. Ut aut quos sunt cupiditate veniam corporis. Facere debitis mollitia sed quia magnam et.', 2, '2021-07-13 02:15:30', '2021-07-13 02:15:30'),
(219, 131, 'libero', 'Reiciendis alias voluptate quisquam ullam voluptatibus modi. Voluptas voluptatem excepturi ea libero dolorem aut. Deleniti unde et ex fugit consectetur. Alias harum nihil omnis pariatur saepe.', 4, '2021-07-13 02:15:30', '2021-07-13 02:15:30'),
(220, 198, 'tenetur', 'Omnis sed dolorum ipsam dolor ratione. Ullam aperiam in labore sit natus quo. Sint velit quas officiis quia non sapiente deleniti ab. Aliquam ut rerum alias qui nisi.', 2, '2021-07-13 02:15:30', '2021-07-13 02:15:30'),
(221, 126, 'veritatis', 'Est asperiores omnis totam rerum. Molestiae dolorum facilis consequuntur saepe reiciendis tenetur. Pariatur quia fugiat accusamus inventore. Qui et et dolorem dolorem culpa est iusto molestiae.', 0, '2021-07-13 02:15:30', '2021-07-13 02:15:30'),
(222, 159, 'ipsam', 'Iure assumenda sunt qui aspernatur vitae qui est. Magnam quod vero aspernatur deleniti sequi delectus. Explicabo amet est perspiciatis mollitia amet voluptatem eveniet adipisci.', 5, '2021-07-13 02:15:30', '2021-07-13 02:15:30'),
(223, 119, 'facere', 'Autem nisi dolor vel minima. Enim dolor quo velit non alias distinctio provident. In mollitia totam repellat dolor asperiores nemo.', 0, '2021-07-13 02:15:30', '2021-07-13 02:15:30'),
(224, 10, 'occaecati', 'Dolorem error laboriosam ducimus possimus. Error fuga ducimus officiis aperiam rem. Quisquam itaque nihil quia reprehenderit voluptatem. Ut tempora saepe consequatur officiis odit natus mollitia.', 2, '2021-07-13 02:15:30', '2021-07-13 02:15:30'),
(225, 118, 'dolorem', 'Sed illum nulla neque voluptatem. At dolor expedita quam quibusdam est aut.', 0, '2021-07-13 02:15:30', '2021-07-13 02:15:30'),
(226, 184, 'laboriosam', 'Quibusdam accusamus ipsam ea labore velit optio doloribus iure. Vel tempore est consectetur cumque.', 1, '2021-07-13 02:15:30', '2021-07-13 02:15:30'),
(227, 91, 'culpa', 'Veniam ipsa ipsam sunt nulla cumque. Ut autem hic ex non tempore ipsam. Eos dolore molestiae eos autem animi id ea.', 3, '2021-07-13 02:15:30', '2021-07-13 02:15:30'),
(228, 114, 'placeat', 'Voluptates cum sunt a omnis laboriosam quo. Nam eligendi voluptatibus voluptatem iure error et iure rerum. Enim est exercitationem quam sint enim ut. Est quibusdam omnis debitis et saepe.', 2, '2021-07-13 02:15:30', '2021-07-13 02:15:30'),
(229, 44, 'consequatur', 'Itaque iste ipsum eum quia neque. Eaque dignissimos molestias provident. Eaque vitae modi dolor facilis quo commodi a.', 5, '2021-07-13 02:15:30', '2021-07-13 02:15:30'),
(230, 77, 'laboriosam', 'Fuga culpa quia maiores voluptates vero necessitatibus quis. Fuga quas veritatis quos ut. Tempora sed aut quaerat facilis.', 4, '2021-07-13 02:15:30', '2021-07-13 02:15:30'),
(231, 10, 'illo', 'Numquam vitae ex magnam iste. Vel deserunt commodi officiis non repudiandae est. Ipsa quam eaque perspiciatis voluptatum. Ut at similique suscipit autem.', 4, '2021-07-13 02:15:30', '2021-07-13 02:15:30'),
(232, 105, 'ex', 'Consequuntur excepturi pariatur sunt sed placeat. Exercitationem autem enim dolor exercitationem. Suscipit earum dolore quisquam ipsum odio quo ea. In id velit ullam facere eaque saepe ad.', 5, '2021-07-13 02:15:31', '2021-07-13 02:15:31'),
(233, 55, 'est', 'In neque et sapiente consequatur perspiciatis vero explicabo voluptas. Dolore odio qui impedit libero quo debitis. Consectetur delectus labore perferendis dolores.', 0, '2021-07-13 02:15:31', '2021-07-13 02:15:31'),
(234, 22, 'quod', 'Dolores quae esse ratione. Quibusdam sint autem et rerum sit aut aperiam. Aperiam et quis ipsum unde cupiditate explicabo. Cumque quod ex vel corporis ducimus et ea.', 3, '2021-07-13 02:15:31', '2021-07-13 02:15:31'),
(235, 146, 'est', 'Aut velit ut eos esse eveniet et consequatur. Voluptas facere est ut et veniam voluptas error ab. Ipsam facilis incidunt laudantium quidem.', 5, '2021-07-13 02:15:31', '2021-07-13 02:15:31'),
(236, 142, 'inventore', 'Commodi a sint nostrum rem. Velit distinctio minima quis dolore fuga repellat placeat. Eligendi et ratione ex aut dicta.', 1, '2021-07-13 02:15:31', '2021-07-13 02:15:31'),
(237, 101, 'aliquid', 'Excepturi culpa vitae velit recusandae quia. Quasi sunt deleniti placeat doloribus a. Eos odio vel est alias.', 3, '2021-07-13 02:15:31', '2021-07-13 02:15:31'),
(238, 98, 'dolores', 'Aliquid aut magnam in blanditiis enim qui quaerat. Vel omnis consequatur ea corporis id quae. Perferendis voluptate sint labore sunt magni. Est accusantium molestiae vel doloribus. Itaque est doloribus autem et aspernatur dolores sunt.', 3, '2021-07-13 02:15:31', '2021-07-13 02:15:31'),
(239, 59, 'quam', 'Adipisci iste nesciunt et esse. Quas qui laudantium odio consequatur accusantium. Quasi error temporibus qui dolore vitae.', 2, '2021-07-13 02:15:31', '2021-07-13 02:15:31'),
(240, 138, 'officia', 'Placeat dignissimos nihil adipisci inventore consequatur. Officiis rerum reiciendis recusandae ducimus. Voluptas explicabo consequatur dolore. Et accusamus voluptas saepe voluptatem possimus.', 2, '2021-07-13 02:15:31', '2021-07-13 02:15:31'),
(241, 73, 'est', 'Consequatur qui ducimus ut autem. Ea qui aspernatur quia. Debitis molestiae fugit blanditiis possimus perferendis corrupti enim. Nemo ut ipsum rerum consequatur.', 2, '2021-07-13 02:15:31', '2021-07-13 02:15:31'),
(242, 54, 'nulla', 'Reiciendis qui aperiam architecto consequatur. Eum et dicta in earum. Nulla voluptates et rerum ut id quidem.', 2, '2021-07-13 02:15:31', '2021-07-13 02:15:31'),
(243, 158, 'aut', 'Minus qui voluptatem placeat reprehenderit optio sit recusandae fugiat. Similique quia ut voluptatem nihil. Suscipit iste esse distinctio aut sit dolor amet neque. Hic dolorem fugiat distinctio pariatur quidem minus dignissimos quos. Quibusdam consequatur rerum qui adipisci libero maxime.', 5, '2021-07-13 02:15:31', '2021-07-13 02:15:31'),
(244, 190, 'enim', 'Tempora laborum error qui voluptas eum beatae. Repellendus quis dolorem officiis nihil vero quia hic. Cupiditate dolorem vero voluptate cumque consectetur et quis. In corrupti assumenda est.', 3, '2021-07-13 02:15:31', '2021-07-13 02:15:31'),
(245, 132, 'molestias', 'Voluptatem quod nulla quidem molestias repudiandae vitae quo. Non omnis blanditiis sunt nisi vero aut iste. Consequuntur blanditiis dicta corporis iste similique aliquid totam beatae. Delectus enim culpa animi est.', 1, '2021-07-13 02:15:31', '2021-07-13 02:15:31'),
(246, 33, 'voluptas', 'Aliquid qui vitae distinctio optio. Totam eum aliquid omnis sed debitis. Et aliquid praesentium deleniti atque dolor ut voluptate. Rerum accusamus voluptate aperiam sit nam voluptatem delectus molestiae.', 3, '2021-07-13 02:15:31', '2021-07-13 02:15:31'),
(247, 167, 'iusto', 'Voluptatibus inventore at repellat cumque. Voluptate deserunt et est quia.', 4, '2021-07-13 02:15:31', '2021-07-13 02:15:31'),
(248, 44, 'rerum', 'Praesentium aut asperiores occaecati similique. Excepturi sunt aut ut temporibus est doloremque rerum. Error ea et modi earum distinctio.', 4, '2021-07-13 02:15:31', '2021-07-13 02:15:31'),
(249, 191, 'doloribus', 'Doloremque harum enim aspernatur placeat tenetur veniam. Excepturi placeat quo molestiae dicta tenetur dolore et. Animi id vitae sint voluptatem.', 4, '2021-07-13 02:15:31', '2021-07-13 02:15:31'),
(250, 180, 'culpa', 'Magni recusandae et beatae ipsum aspernatur perspiciatis. Asperiores impedit dolorum et accusantium asperiores. Illo voluptatem et voluptatibus at est mollitia. Quasi quia atque omnis. Est commodi architecto enim aut.', 2, '2021-07-13 02:15:31', '2021-07-13 02:15:31'),
(251, 129, 'voluptate', 'Asperiores labore dolorem enim commodi. Quod omnis est dolor consectetur.', 1, '2021-07-13 02:15:31', '2021-07-13 02:15:31'),
(252, 28, 'atque', 'Non voluptatem perspiciatis ut dolore delectus esse commodi voluptate. Labore et ad ut maxime. Eaque rerum magnam et nisi quam maxime quam. Dolor expedita sint nisi aliquid qui eius.', 0, '2021-07-13 02:15:32', '2021-07-13 02:15:32'),
(253, 25, 'consequuntur', 'Non omnis tenetur animi repellat suscipit provident. Deserunt enim quis sunt ea enim tempore culpa. Repudiandae occaecati ipsam ut molestias expedita delectus distinctio. Dolor sed rerum velit nostrum voluptatibus.', 4, '2021-07-13 02:15:32', '2021-07-13 02:15:32'),
(254, 139, 'at', 'Odit et aliquid quia ex. Fuga omnis adipisci ratione facilis aspernatur quaerat ullam. Porro ut quos dolorem consectetur. Nihil debitis voluptatem sapiente error. Nihil sed explicabo maiores facilis quidem molestias aut aut.', 3, '2021-07-13 02:15:32', '2021-07-13 02:15:32'),
(255, 150, 'atque', 'Sit sint ullam impedit ut harum officia. Quo doloremque adipisci in itaque est necessitatibus. Consequatur quibusdam sint labore quia repellendus qui possimus omnis.', 0, '2021-07-13 02:15:32', '2021-07-13 02:15:32'),
(256, 54, 'amet', 'Rerum illo quia est aut omnis et. Magni qui consequatur assumenda quisquam. Et eius repellat ipsam atque sit temporibus. Et molestiae sunt ipsum enim dicta.', 0, '2021-07-13 02:15:32', '2021-07-13 02:15:32'),
(257, 84, 'repellendus', 'Deleniti sit unde mollitia dolorem rem placeat. Vel tempora voluptatem quo qui provident et ut. Quod culpa temporibus autem qui quis.', 0, '2021-07-13 02:15:32', '2021-07-13 02:15:32'),
(258, 185, 'natus', 'Amet aut ipsa qui reprehenderit est illum suscipit. Id nihil dolorem nam omnis molestias tempora delectus. Velit repellat temporibus dolor nulla. Aliquam ratione sequi sed odio dignissimos et omnis. Vitae necessitatibus qui repellat corporis.', 3, '2021-07-13 02:15:32', '2021-07-13 02:15:32'),
(259, 43, 'atque', 'Adipisci quo aut mollitia iste. Est pariatur natus aut modi.', 5, '2021-07-13 02:15:32', '2021-07-13 02:15:32'),
(260, 85, 'culpa', 'Quia voluptatem reiciendis rerum autem nobis et. Quis veritatis ratione ea. Tenetur eaque sed optio ut consequuntur harum.', 3, '2021-07-13 02:15:32', '2021-07-13 02:15:32'),
(261, 109, 'sunt', 'Consequatur enim voluptatem aliquid aspernatur corporis. Inventore non labore quo fugit. Omnis pariatur excepturi corrupti dolorem. Et beatae quibusdam culpa qui ad. Accusamus eum nihil in enim ut quia eligendi.', 2, '2021-07-13 02:15:32', '2021-07-13 02:15:32'),
(262, 115, 'natus', 'Temporibus facere velit numquam non iste. Est ratione rem unde ut. Est quas eaque distinctio voluptas.', 1, '2021-07-13 02:15:32', '2021-07-13 02:15:32'),
(263, 135, 'non', 'Non illo non quis aut voluptatum omnis. Reiciendis ducimus sint quisquam voluptatem laudantium aut amet alias. Est iusto non sint esse. Quidem consequatur ea rem accusamus hic.', 2, '2021-07-13 02:15:32', '2021-07-13 02:15:32'),
(264, 135, 'enim', 'Nisi harum occaecati minima nobis eum consequuntur. Odio qui cupiditate tempore quia. Voluptatem dolorum amet distinctio perferendis distinctio est veniam.', 5, '2021-07-13 02:15:32', '2021-07-13 02:15:32'),
(265, 121, 'aperiam', 'A amet beatae soluta ad molestias tempora. Minima odit magnam recusandae aut quas neque voluptates. Harum aut eum recusandae iusto molestias blanditiis. Sint sequi aut maxime quis dignissimos hic sequi. Qui veniam et soluta est aut.', 1, '2021-07-13 02:15:32', '2021-07-13 02:15:32'),
(266, 3, 'aut', 'Cum omnis sit voluptas corporis laborum cum. Expedita minima assumenda sunt tenetur quia non voluptas. Nisi quia nemo quia nihil.', 1, '2021-07-13 02:15:32', '2021-07-13 02:15:32'),
(267, 20, 'mollitia', 'Nihil fugiat reprehenderit vitae rem unde asperiores. Saepe asperiores illum asperiores vitae distinctio est quos. Laudantium laborum id facilis. Porro ipsa optio non temporibus earum quo temporibus. Reiciendis non ipsam a enim.', 1, '2021-07-13 02:15:32', '2021-07-13 02:15:32'),
(268, 88, 'earum', 'Repellendus aut commodi sed labore doloremque facere similique. Ab qui beatae deleniti minus molestiae similique est corrupti. Similique est cupiditate cum est eaque.', 4, '2021-07-13 02:15:32', '2021-07-13 02:15:32'),
(269, 86, 'aut', 'Molestias at ab quis rerum debitis et. Voluptatem autem vel voluptas temporibus repellat dolores veniam. Dolor modi consequatur veniam quia hic dignissimos.', 2, '2021-07-13 02:15:32', '2021-07-13 02:15:32'),
(270, 117, 'dolores', 'Adipisci asperiores quia eaque praesentium fuga qui assumenda. Vitae et nobis dolor et. Deserunt vel alias unde.', 1, '2021-07-13 02:15:32', '2021-07-13 02:15:32'),
(271, 15, 'commodi', 'Voluptatem ut qui consequatur suscipit et dolores aliquid. Est sed consequatur quia sunt eaque optio. Nulla dolorum voluptatem voluptas ab ratione ea delectus veritatis.', 4, '2021-07-13 02:15:32', '2021-07-13 02:15:32'),
(272, 193, 'fugit', 'Soluta vel occaecati doloribus dolor quis eveniet quisquam. Voluptas et possimus illo ullam necessitatibus molestiae. Eaque nihil necessitatibus necessitatibus possimus laboriosam velit cum.', 3, '2021-07-13 02:15:32', '2021-07-13 02:15:32'),
(273, 96, 'non', 'Culpa error reprehenderit dolor doloremque praesentium aliquid quam. Sit natus eius aut et. Harum dolorem sequi voluptatum ut iste. Debitis cum atque quidem et.', 3, '2021-07-13 02:15:32', '2021-07-13 02:15:32'),
(274, 151, 'dolorem', 'Minus voluptas saepe est id sunt qui quibusdam nihil. Nemo sunt modi quod et.', 2, '2021-07-13 02:15:32', '2021-07-13 02:15:32'),
(275, 5, 'reiciendis', 'Consectetur nostrum minima autem itaque. Dolor dolor iste odio et. Magni saepe aut quia sunt cupiditate. Voluptatibus aut aliquam ut consequatur in sit ut animi.', 4, '2021-07-13 02:15:32', '2021-07-13 02:15:32'),
(276, 167, 'nam', 'Ea nihil optio error ad. Rerum fuga et in. Debitis ex distinctio laudantium facere voluptatem voluptatum et veritatis. Tempore sint non veniam fuga.', 3, '2021-07-13 02:15:32', '2021-07-13 02:15:32'),
(277, 67, 'placeat', 'Quos in ea veniam laborum soluta sint assumenda. Hic earum quis quia consequatur. Reiciendis magni eveniet sint fugiat aut. Enim velit enim quod.', 4, '2021-07-13 02:15:32', '2021-07-13 02:15:32'),
(278, 35, 'aut', 'Quisquam ad quidem inventore animi dolores et omnis et. Velit ut velit iusto quia atque. Non rerum id quae. Qui soluta illum ut commodi possimus.', 2, '2021-07-13 02:15:32', '2021-07-13 02:15:32'),
(279, 167, 'aliquam', 'Eum aut perspiciatis maiores eum veniam hic accusantium voluptas. Necessitatibus ab est non voluptas. Assumenda veniam nobis officia voluptas.', 1, '2021-07-13 02:15:32', '2021-07-13 02:15:32'),
(280, 59, 'ipsum', 'Doloribus assumenda nemo excepturi recusandae. Commodi earum magnam quibusdam. Soluta dolor aperiam tempora. Eligendi molestias odio aliquid ducimus quia neque soluta.', 1, '2021-07-13 02:15:32', '2021-07-13 02:15:32'),
(281, 92, 'quas', 'Aut nihil recusandae nemo ad. Blanditiis ullam earum in aut ut. Et at veritatis aspernatur minus. Officia eveniet quia quia blanditiis quod minima. Eos et quibusdam et repellat sed.', 0, '2021-07-13 02:15:33', '2021-07-13 02:15:33'),
(282, 94, 'ratione', 'Occaecati qui aut aliquam et esse et cumque voluptas. Voluptatem error et recusandae rem et corrupti voluptatibus ut. Corporis perferendis dignissimos non iure rerum.', 2, '2021-07-13 02:15:33', '2021-07-13 02:15:33'),
(283, 171, 'voluptatem', 'Quis maiores qui beatae et suscipit rem qui. Vitae sit error quisquam porro corrupti sit est. Quasi enim corporis assumenda dolore iusto sed sequi.', 1, '2021-07-13 02:15:33', '2021-07-13 02:15:33'),
(284, 17, 'asperiores', 'Ut magnam vero sequi non beatae nulla totam. Iusto corporis ut rerum quia quis distinctio dolores. Ut suscipit molestiae ipsam quis numquam. Officia qui eum enim quia in magnam.', 5, '2021-07-13 02:15:33', '2021-07-13 02:15:33'),
(285, 28, 'quia', 'Aliquid rerum voluptatem nobis quasi et omnis. Possimus et et voluptatum et et. Qui id alias eos vel cupiditate quis.', 2, '2021-07-13 02:15:33', '2021-07-13 02:15:33'),
(286, 32, 'atque', 'Quia delectus expedita suscipit est iusto. Nobis dolor rerum quasi temporibus illum architecto. Rem in porro sunt illum deleniti. Sunt reiciendis dicta harum facere commodi adipisci.', 5, '2021-07-13 02:15:33', '2021-07-13 02:15:33'),
(287, 116, 'illum', 'Voluptatem a possimus quia dolorum. Repellat voluptas nam est doloribus mollitia. Delectus necessitatibus et possimus quaerat omnis maiores corporis.', 5, '2021-07-13 02:15:33', '2021-07-13 02:15:33'),
(288, 114, 'pariatur', 'Et cum culpa aliquid et. Ullam voluptatem provident natus. Sunt voluptas nisi et magni harum sit tempore. Corrupti ad et amet. Officia sit qui non numquam et et modi.', 1, '2021-07-13 02:15:33', '2021-07-13 02:15:33'),
(289, 124, 'labore', 'Repellat harum nostrum nemo consequatur dolore architecto. Nobis earum autem suscipit eum. Nisi in blanditiis consectetur exercitationem.', 3, '2021-07-13 02:15:33', '2021-07-13 02:15:33'),
(290, 45, 'facere', 'Et suscipit molestiae sed sed omnis dolores. Est animi quo beatae eum. Consequuntur aperiam enim nihil dolores.', 4, '2021-07-13 02:15:33', '2021-07-13 02:15:33'),
(291, 124, 'quae', 'Commodi molestiae praesentium tenetur dolor. Error magnam doloremque debitis commodi enim debitis. Et rerum quam fuga doloribus rerum quia. Est omnis praesentium velit maiores pariatur iusto.', 4, '2021-07-13 02:15:33', '2021-07-13 02:15:33'),
(292, 57, 'eum', 'Sed sed non enim repudiandae. Similique quam deleniti in veniam dolore dolores officia vitae. Ad et sed impedit aliquid.', 0, '2021-07-13 02:15:33', '2021-07-13 02:15:33'),
(293, 94, 'earum', 'Quod aliquam non ut autem aut et velit. Repellat consequuntur fugit asperiores quidem impedit architecto illum. Eum sunt aspernatur iusto totam.', 2, '2021-07-13 02:15:33', '2021-07-13 02:15:33'),
(294, 67, 'quasi', 'Fuga in iste eum. Quaerat ab eos qui quasi nesciunt doloribus. Reiciendis ut aut est deleniti non. Corrupti sapiente autem eius asperiores sed quisquam.', 4, '2021-07-13 02:15:33', '2021-07-13 02:15:33'),
(295, 113, 'beatae', 'Praesentium eveniet ut numquam qui et. Sint facilis qui esse nihil possimus. Dolorum nesciunt voluptatem et earum dolorem nihil. Ipsa sit dolor aut temporibus vel voluptatibus nostrum eaque.', 3, '2021-07-13 02:15:33', '2021-07-13 02:15:33'),
(296, 128, 'delectus', 'Consequatur qui eligendi omnis rerum nihil earum est nemo. Dolor dicta quasi et aut asperiores expedita. Sit dolor facilis aut et nulla nemo voluptatem maxime.', 4, '2021-07-13 02:15:33', '2021-07-13 02:15:33'),
(297, 153, 'omnis', 'Ullam pariatur error alias excepturi. Est ut qui at non sunt. Sunt dolorem exercitationem autem consequatur.', 2, '2021-07-13 02:15:33', '2021-07-13 02:15:33'),
(298, 37, 'rerum', 'Natus et incidunt sed quibusdam culpa ipsa eum aut. Nulla autem quidem et sed. Dolores dolores numquam et accusamus non repellat eum. Illum laudantium magni nihil optio at debitis ex.', 1, '2021-07-13 02:15:33', '2021-07-13 02:15:33'),
(299, 189, 'beatae', 'Eligendi necessitatibus voluptatibus ipsum. Et accusantium eos velit ducimus molestiae. Accusantium nostrum hic voluptatem necessitatibus.', 3, '2021-07-13 02:15:33', '2021-07-13 02:15:33'),
(300, 30, 'in', 'Optio sit soluta sapiente quibusdam. Est repellendus id accusamus quia temporibus molestias amet. Amet neque possimus fuga voluptas inventore nihil accusantium.', 4, '2021-07-13 02:15:33', '2021-07-13 02:15:33');

-- --------------------------------------------------------

--
-- Table structure for table `users`
--

CREATE TABLE `users` (
  `id` bigint(20) UNSIGNED NOT NULL,
  `name` varchar(255) COLLATE utf8mb4_unicode_ci NOT NULL,
  `email` varchar(255) COLLATE utf8mb4_unicode_ci NOT NULL,
  `email_verified_at` timestamp NULL DEFAULT NULL,
  `password` varchar(255) COLLATE utf8mb4_unicode_ci NOT NULL,
  `remember_token` varchar(100) COLLATE utf8mb4_unicode_ci DEFAULT NULL,
  `created_at` timestamp NULL DEFAULT NULL,
  `updated_at` timestamp NULL DEFAULT NULL
) ENGINE=InnoDB DEFAULT CHARSET=utf8mb4 COLLATE=utf8mb4_unicode_ci;

--
-- Indexes for dumped tables
--

--
-- Indexes for table `failed_jobs`
--
ALTER TABLE `failed_jobs`
  ADD PRIMARY KEY (`id`),
  ADD UNIQUE KEY `failed_jobs_uuid_unique` (`uuid`);

--
-- Indexes for table `migrations`
--
ALTER TABLE `migrations`
  ADD PRIMARY KEY (`id`);

--
-- Indexes for table `password_resets`
--
ALTER TABLE `password_resets`
  ADD KEY `password_resets_email_index` (`email`);

--
-- Indexes for table `products`
--
ALTER TABLE `products`
  ADD PRIMARY KEY (`id`);

--
-- Indexes for table `reviews`
--
ALTER TABLE `reviews`
  ADD PRIMARY KEY (`id`),
  ADD KEY `reviews_product_id_index` (`product_id`);

--
-- Indexes for table `users`
--
ALTER TABLE `users`
  ADD PRIMARY KEY (`id`),
  ADD UNIQUE KEY `users_email_unique` (`email`);

--
-- AUTO_INCREMENT for dumped tables
--

--
-- AUTO_INCREMENT for table `failed_jobs`
--
ALTER TABLE `failed_jobs`
  MODIFY `id` bigint(20) UNSIGNED NOT NULL AUTO_INCREMENT;

--
-- AUTO_INCREMENT for table `migrations`
--
ALTER TABLE `migrations`
  MODIFY `id` int(10) UNSIGNED NOT NULL AUTO_INCREMENT, AUTO_INCREMENT=6;

--
-- AUTO_INCREMENT for table `products`
--
ALTER TABLE `products`
  MODIFY `id` int(10) UNSIGNED NOT NULL AUTO_INCREMENT, AUTO_INCREMENT=201;

--
-- AUTO_INCREMENT for table `reviews`
--
ALTER TABLE `reviews`
  MODIFY `id` int(10) UNSIGNED NOT NULL AUTO_INCREMENT, AUTO_INCREMENT=301;

--
-- AUTO_INCREMENT for table `users`
--
ALTER TABLE `users`
  MODIFY `id` bigint(20) UNSIGNED NOT NULL AUTO_INCREMENT;

--
-- Constraints for dumped tables
--

--
-- Constraints for table `reviews`
--
ALTER TABLE `reviews`
  ADD CONSTRAINT `reviews_product_id_foreign` FOREIGN KEY (`product_id`) REFERENCES `products` (`id`) ON DELETE CASCADE;
COMMIT;

/*!40101 SET CHARACTER_SET_CLIENT=@OLD_CHARACTER_SET_CLIENT */;
/*!40101 SET CHARACTER_SET_RESULTS=@OLD_CHARACTER_SET_RESULTS */;
/*!40101 SET COLLATION_CONNECTION=@OLD_COLLATION_CONNECTION */;
